Time (UTC);Open;High;Low;Close;Volume 
2019.03.01 00:00:00;3851,5;3852,4;3851;3851,9;0,335
2019.03.01 00:01:00;3851,8;3853,6;3851,8;3852,5;0,37305
2019.03.01 00:02:00;3852,5;3853,1;3852,4;3852,4;0,2025
2019.03.01 00:03:00;3852,4;3852,7;3852,4;3852,5;0,1125
2019.03.01 00:04:00;3852,5;3853,5;3852,5;3853,5;0,1575
2019.03.01 00:05:00;3853,3;3854,2;3852,6;3853,7;0,36
2019.03.01 00:06:00;3853,8;3854,2;3853,3;3854;0,345
2019.03.01 00:07:00;3853,9;3855;3853,9;3854,7;0,21502
2019.03.01 00:08:00;3854,9;3855,2;3854,9;3855,2;0,07502
2019.03.01 00:09:00;3855,3;3855,8;3855,3;3855,8;0,02775
2019.03.01 00:10:00;3855,8;3856;3855,6;3855,7;0,0676
2019.03.01 00:11:00;3855,8;3855,9;3855,6;3855,8;0,165
2019.03.01 00:12:00;3855,7;3855,9;3855,5;3855,7;0,1875
2019.03.01 00:13:00;3855,5;3855,5;3854,9;3855;0,075
2019.03.01 00:14:00;3854,9;3855,4;3854,8;3855,2;0,225
2019.03.01 00:15:00;3855,3;3856,1;3855,2;3855,8;0,1425
2019.03.01 00:16:00;3855,8;3856,4;3855,8;3856,3;0,2475
2019.03.01 00:17:00;3856,4;3856,8;3856,3;3856,4;0,285
2019.03.01 00:18:00;3856,3;3856,6;3856,3;3856,3;0,315
2019.03.01 00:19:00;3856,4;3856,9;3856,3;3856,6;0,225
2019.03.01 00:20:00;3856,8;3857,1;3856,6;3856,6;0,135
2019.03.01 00:21:00;3856,5;3857,1;3856,5;3857,1;0,105
2019.03.01 00:22:00;3857,2;3857,5;3856,8;3857,2;0,28768
2019.03.01 00:23:00;3857,4;3857,5;3857;3857,3;0,1502
2019.03.01 00:24:00;3857,3;3857,5;3857;3857,1;0,12
2019.03.01 00:25:00;3857,3;3857,5;3857,2;3857,3;0,18
2019.03.01 00:26:00;3857,4;3857,6;3857,3;3857,5;0,1575
2019.03.01 00:27:00;3857,6;3857,9;3857,6;3857,9;0,0825
2019.03.01 00:28:00;3857,8;3857,9;3857,6;3857,7;0,09
2019.03.01 00:29:00;3857,8;3858;3857,7;3857,8;0,15
2019.03.01 00:30:00;3857,6;3857,9;3857,2;3857,3;0,195
2019.03.01 00:31:00;3857,4;3857,7;3857,4;3857,4;0,15
2019.03.01 00:32:00;3857,4;3859,3;3857,2;3859,2;0,17272
2019.03.01 00:33:00;3859;3859,4;3857,4;3858,9;0,42002
2019.03.01 00:34:00;3858,9;3858,9;3857,7;3857,7;0,225
2019.03.01 00:35:00;3857,8;3857,8;3857,6;3857,7;0,12502
2019.03.01 00:36:00;3857,7;3857,7;3857,6;3857,7;0,04757
2019.03.01 00:37:00;3857,7;3857,9;3857,6;3857,6;0,12005
2019.03.01 00:38:00;3857,7;3858,7;3857,7;3858,6;0,25
2019.03.01 00:39:00;3858,5;3858,8;3858,3;3858,8;0,25293
2019.03.01 00:40:00;3858,9;3858,9;3857,6;3857,8;0,06325
2019.03.01 00:41:00;3857,8;3858,1;3857,4;3857,5;0,1575
2019.03.01 00:42:00;3857,6;3858,7;3857,3;3858;0,1825
2019.03.01 00:43:00;3857,9;3858,3;3857,7;3857,8;0,1675
2019.03.01 00:44:00;3857,5;3857,8;3857,5;3857,5;0,08267
2019.03.01 00:45:00;3857,3;3857,4;3856,3;3856,7;0,2625
2019.03.01 00:46:00;3856,7;3857,2;3856,7;3857;0,1725
2019.03.01 00:47:00;3857,1;3857,1;3856,8;3856,8;0,06
2019.03.01 00:48:00;3856,8;3857,2;3856,8;3857,2;0,06
2019.03.01 00:49:00;3857;3857,6;3857;3857,5;0,14005
2019.03.01 00:50:00;3857,6;3858;3857,5;3858;0,04537
2019.03.01 00:51:00;3858;3858,3;3857,5;3857,5;0,01798
2019.03.01 00:52:00;3857,5;3857,8;3857,3;3857,3;0,03805
2019.03.01 00:53:00;3857,3;3857,3;3857,1;3857,1;0,0225
2019.03.01 00:54:00;3857;3857,4;3856,3;3856,9;0,09515
2019.03.01 00:55:00;3857;3857,4;3856,9;3857,3;0,05502
2019.03.01 00:56:00;3857,4;3857,4;3855,8;3855,8;0,2701
2019.03.01 00:57:00;3856;3856,4;3855,8;3855,9;0,2625
2019.03.01 00:58:00;3856;3856;3855,6;3855,9;0,285
2019.03.01 00:59:00;3855,8;3855,9;3854,5;3854,9;0,28505
2019.03.01 01:00:00;3854,9;3855,1;3854,8;3854,9;0,14552
2019.03.01 01:01:00;3854,8;3855;3854,7;3855;0,0926
2019.03.01 01:02:00;3854,9;3855;3854;3854,3;0,19515
2019.03.01 01:03:00;3854,4;3854,5;3853,2;3854,5;0,235
2019.03.01 01:04:00;3854,4;3854,8;3854,2;3854,2;0,165
2019.03.01 01:05:00;3854,1;3854,1;3852,5;3852,6;0,27
2019.03.01 01:06:00;3852,7;3853,2;3852,5;3853,1;0,18
2019.03.01 01:07:00;3853,2;3855;3853,2;3855;0,135
2019.03.01 01:08:00;3855;3855,2;3854,6;3854,7;0,09252
2019.03.01 01:09:00;3854,6;3854,7;3854,6;3854,7;0,045
2019.03.01 01:10:00;3854,6;3854,6;3853,9;3854,2;0,105
2019.03.01 01:11:00;3854,1;3854,1;3853,2;3853,5;0,09252
2019.03.01 01:12:00;3853,4;3853,8;3853,3;3853,8;0,0825
2019.03.01 01:13:00;3853,7;3854,2;3853,7;3854,2;0,09
2019.03.01 01:14:00;3854,1;3854,4;3854,1;3854,2;0,1125
2019.03.01 01:15:00;3854,1;3854,1;3853,8;3854,1;0,1425
2019.03.01 01:16:00;3853,9;3853,9;3853,5;3853,5;0,0975
2019.03.01 01:17:00;3853,5;3853,8;3853,5;3853,8;0,0675
2019.03.01 01:18:00;3853,8;3853,8;3853,6;3853,6;0,0375
2019.03.01 01:19:00;3853,5;3853,6;3852,5;3852,5;0,09
2019.03.01 01:20:00;3853,1;3853,1;3852;3852;0,1875
2019.03.01 01:21:00;3851,9;3853;3851,9;3853;0,195
2019.03.01 01:22:00;3852,9;3853,2;3852,7;3853;0,1125
2019.03.01 01:23:00;3853,1;3853,6;3853;3853,4;0,105
2019.03.01 01:24:00;3853,5;3853,6;3853,3;3853,3;0,0975
2019.03.01 01:25:00;3853,5;3853,6;3853,3;3853,3;0,0775
2019.03.01 01:26:00;3853,4;3853,6;3853,3;3853,6;0,09505
2019.03.01 01:27:00;3853,7;3853,8;3853;3853,5;0,07767
2019.03.01 01:28:00;3853,4;3853,9;3853,1;3853,3;0,15762
2019.03.01 01:29:00;3853,1;3853,5;3853,1;3853,3;0,1425
2019.03.01 01:30:00;3853;3853,6;3852,5;3853,6;0,2625
2019.03.01 01:31:00;3853,3;3855,5;3853,3;3855,4;0,17535
2019.03.01 01:32:00;3855,4;3857,4;3855,4;3857,4;0,11782
2019.03.01 01:33:00;3856,9;3856,9;3855,8;3856,5;0,285
2019.03.01 01:34:00;3856,6;3856,9;3856,5;3856,9;0,05513
2019.03.01 01:35:00;3856,9;3858,3;3856,9;3858,2;0,06788
2019.03.01 01:36:00;3858,3;3858,5;3858,3;3858,4;0,1025
2019.03.01 01:37:00;3858,3;3858,4;3858,1;3858,2;0,09
2019.03.01 01:38:00;3858,3;3859,4;3858,3;3859,3;0,21788
2019.03.01 01:39:00;3859,3;3859,7;3859,3;3859,7;0,00075
2019.03.01 01:40:00;3859,7;3860,1;3859,7;3860,1;0,01077
2019.03.01 01:41:00;3860,1;3861,3;3860,1;3861,3;0,00065
2019.03.01 01:42:00;3861,3;3861,6;3861,3;3861,6;0,0406
2019.03.01 01:43:00;3861,6;3863,4;3861,6;3863,4;0,00153
2019.03.01 01:44:00;3863,4;3863,8;3863,3;3863,8;0,11797
2019.03.01 01:45:00;3863,8;3863,8;3862,5;3862,6;0,11023
2019.03.01 01:46:00;3862,6;3862,8;3862,1;3862,8;0,0981
2019.03.01 01:47:00;3862,8;3863;3862,6;3863;0,00045
2019.03.01 01:48:00;3863;3863,2;3863;3863,2;0,05038
2019.03.01 01:49:00;3863,3;3863,3;3863,1;3863,2;0,0825
2019.03.01 01:50:00;3863,3;3863,6;3863,3;3863,4;0,07003
2019.03.01 01:51:00;3863,4;3863,4;3863,1;3863,1;0,0077
2019.03.01 01:52:00;3863,3;3864,1;3863,3;3863,6;0,10282
2019.03.01 01:53:00;3863,5;3863,5;3863,2;3863,3;0,12
2019.03.01 01:54:00;3863,4;3863,7;3863,3;3863,6;0,105
2019.03.01 01:55:00;3863,6;3864;3863,5;3863,5;0,09
2019.03.01 01:56:00;3863,4;3863,5;3862,8;3862,8;0,075
2019.03.01 01:57:00;3863;3863,1;3863;3863;0,06
2019.03.01 01:58:00;3862,9;3863,2;3862,8;3863,1;0,105
2019.03.01 01:59:00;3863;3863,3;3863;3863,2;0,0975
2019.03.01 02:00:00;3863,3;3863,6;3863,2;3863,5;0,15
2019.03.01 02:01:00;3863,5;3864,5;3863,5;3864,4;0,19005
2019.03.01 02:02:00;3863,9;3863,9;3863;3863;0,165
2019.03.01 02:03:00;3863;3863,4;3862,9;3863,3;0,18
2019.03.01 02:04:00;3863,2;3863,2;3863,1;3863,2;0,1125
2019.03.01 02:05:00;3863,1;3863,2;3862,8;3863;0,09
2019.03.01 02:06:00;3863,2;3863,3;3862,9;3863,3;0,0975
2019.03.01 02:07:00;3863;3863,7;3863;3863,7;0,105
2019.03.01 02:08:00;3863,8;3863,8;3863,4;3863,5;0,045
2019.03.01 02:09:00;3863,6;3863,6;3862,1;3862,2;0,2325
2019.03.01 02:10:00;3862,2;3862,4;3862;3862,1;0,1125
2019.03.01 02:11:00;3861,9;3862,2;3861,5;3862,2;0,24
2019.03.01 02:12:00;3862;3862,2;3861,6;3862;0,1725
2019.03.01 02:13:00;3862,1;3862,3;3861,8;3862;0,11005
2019.03.01 02:14:00;3861,8;3861,9;3861,7;3861,7;0,045
2019.03.01 02:15:00;3861,2;3861,5;3861;3861,4;0,135
2019.03.01 02:16:00;3861,3;3861,3;3861;3861;0,12
2019.03.01 02:17:00;3861,2;3861,2;3860,9;3861;0,045
2019.03.01 02:18:00;3860,9;3861;3860,8;3860,9;0,0675
2019.03.01 02:19:00;3861;3861;3860,9;3861;0,0525
2019.03.01 02:20:00;3861,1;3861,4;3858,9;3859,4;0,4125
2019.03.01 02:21:00;3859,3;3859,8;3859,1;3859,8;0,3225
2019.03.01 02:22:00;3859,8;3860,2;3859,7;3860,1;0,15
2019.03.01 02:23:00;3860,1;3860,8;3859,8;3860,7;0,24017
2019.03.01 02:24:00;3860,8;3861,2;3860,2;3860,2;0,135
2019.03.01 02:25:00;3860,3;3860,6;3860,1;3860,6;0,135
2019.03.01 02:26:00;3860,6;3860,6;3860;3860,4;0,1725
2019.03.01 02:27:00;3860,3;3860,5;3860,2;3860,5;0,1275
2019.03.01 02:28:00;3860,4;3860,5;3860,3;3860,4;0,0825
2019.03.01 02:29:00;3860,3;3860,6;3859,5;3859,5;0,195
2019.03.01 02:30:00;3859,4;3859,6;3859,2;3859,4;0,165
2019.03.01 02:31:00;3859,5;3859,9;3859,3;3859,9;0,0825
2019.03.01 02:32:00;3859,8;3860,6;3859,3;3860,6;0,12268
2019.03.01 02:33:00;3860,6;3860,6;3860,3;3860,4;0,02262
2019.03.01 02:34:00;3860,5;3860,5;3860,1;3860,3;0,24
2019.03.01 02:35:00;3860,4;3860,6;3860;3860,6;0,205
2019.03.01 02:36:00;3860,6;3861,3;3860,5;3860,7;0,185
2019.03.01 02:37:00;3860,8;3861,2;3860,7;3860,7;0,09037
2019.03.01 02:38:00;3860,7;3861,9;3860,7;3861,8;0,01537
2019.03.01 02:39:00;3861,8;3861,8;3860,9;3860,9;0,10508
2019.03.01 02:40:00;3860,9;3861;3860,8;3860,9;0,09
2019.03.01 02:41:00;3861;3861;3860,9;3860,9;0,045
2019.03.01 02:42:00;3861;3861;3860,5;3860,5;0,0525
2019.03.01 02:43:00;3860,4;3860,8;3860,4;3860,4;0,165
2019.03.01 02:44:00;3860,5;3860,5;3860,4;3860,5;0,1125
2019.03.01 02:45:00;3860,6;3861;3860,5;3860,6;0,1
2019.03.01 02:46:00;3860,7;3860,7;3860,1;3860,1;0,075
2019.03.01 02:47:00;3860,2;3860,4;3860,1;3860,1;0,135
2019.03.01 02:48:00;3860,2;3860,6;3860,2;3860,6;0,15
2019.03.01 02:49:00;3860,5;3860,5;3859,2;3859,2;0,2475
2019.03.01 02:50:00;3859,3;3860,2;3859,2;3859,4;0,3375
2019.03.01 02:51:00;3859,5;3859,6;3859,2;3859,6;0,35002
2019.03.01 02:52:00;3859,5;3859,8;3859,5;3859,7;0,255
2019.03.01 02:53:00;3859,6;3860;3859,6;3859,7;0,24
2019.03.01 02:54:00;3859,7;3859,9;3859,5;3859,5;0,1275
2019.03.01 02:55:00;3859,2;3860,5;3859,2;3860;0,19007
2019.03.01 02:56:00;3860,1;3860,4;3860,1;3860,4;0,06
2019.03.01 02:57:00;3860,4;3860,4;3860,2;3860,4;0,2075
2019.03.01 02:58:00;3860,3;3860,4;3860,1;3860,1;0,12
2019.03.01 02:59:00;3860,2;3860,5;3860,2;3860,5;0,1125
2019.03.01 03:00:00;3860,6;3860,8;3860,5;3860,8;0,06023
2019.03.01 03:01:00;3861,1;3861,1;3861,1;3861,1;0,0001
2019.03.01 03:02:00;3861,1;3861,5;3861;3861,4;0,2127
2019.03.01 03:03:00;3861,5;3861,7;3861,4;3861,7;0,1226
2019.03.01 03:04:00;3862;3862,1;3861,7;3862,1;0,14515
2019.03.01 03:05:00;3862,1;3862,2;3862;3862,1;0,1425
2019.03.01 03:06:00;3862,1;3862,1;3861,3;3861,5;0,09277
2019.03.01 03:07:00;3861,5;3861,5;3861,3;3861,3;0,06037
2019.03.01 03:08:00;3861,4;3861,4;3860,8;3860,9;0,1575
2019.03.01 03:09:00;3860,8;3861,3;3860,8;3861,1;0,27265
2019.03.01 03:10:00;3861,2;3861,2;3860,9;3861,1;0,06
2019.03.01 03:11:00;3861,2;3861,5;3861,1;3861,5;0,0775
2019.03.01 03:12:00;3861,5;3861,5;3861,5;3861,5;0,02005
2019.03.01 03:13:00;3861,5;3862,5;3861,5;3862,4;0,0106
2019.03.01 03:14:00;3862,4;3862,4;3861,9;3861,9;0,00065
2019.03.01 03:15:00;3861,9;3862,6;3861,8;3862,6;0,00118
2019.03.01 03:16:00;3862,6;3862,6;3862,2;3862,3;0,00063
2019.03.01 03:17:00;3862,3;3862,3;3862,3;3862,3;0,00055
2019.03.01 03:18:00;3862,3;3862,3;3862,3;3862,3;0,00082
2019.03.01 03:19:00;3862,3;3862,3;3862,3;3862,3;0,00052
2019.03.01 03:20:00;3862,3;3862,7;3862,3;3862,7;0,00057
2019.03.01 03:21:00;3862,7;3862,7;3862;3862;0,00057
2019.03.01 03:22:00;3862;3862,2;3862;3862,2;0,00055
2019.03.01 03:23:00;3862,2;3862,9;3862,2;3862,7;0,00045
2019.03.01 03:24:00;3862,9;3863,2;3862,9;3863,2;0,0003
2019.03.01 03:25:00;3863,2;3865,1;3863,2;3865,1;0,00097
2019.03.01 03:26:00;3865,1;3865,6;3865,1;3865,6;0,0006
2019.03.01 03:27:00;3865,6;3865,7;3865,6;3865,7;0,00068
2019.03.01 03:28:00;3865,7;3866;3865,7;3866;0,0007
2019.03.01 03:29:00;3866;3866;3865,9;3866;0,00802
2019.03.01 03:30:00;3866;3866,5;3866;3866,4;0,0009
2019.03.01 03:31:00;3866,4;3866,4;3866,2;3866,4;0,03553
2019.03.01 03:32:00;3866,4;3866,4;3866,4;3866,4;0,00022
2019.03.01 03:33:00;3866,4;3866,4;3866,4;3866,4;0,00022
2019.03.01 03:34:00;3866,4;3866,4;3866,4;3866,4;0,00042
2019.03.01 03:35:00;3866,4;3866,4;3864,2;3864,2;0,03837
2019.03.01 03:36:00;3864,5;3865,2;3863,8;3864,6;0,31528
2019.03.01 03:37:00;3864,7;3865,2;3864,5;3865,1;0,27282
2019.03.01 03:38:00;3865;3865,2;3864,5;3865,2;0,15332
2019.03.01 03:39:00;3865,2;3865,2;3863,7;3864,3;0,2557
2019.03.01 03:40:00;3864,2;3866,1;3864,1;3865,7;0,14855
2019.03.01 03:41:00;3865,3;3865,5;3865,1;3865,2;0,12
2019.03.01 03:42:00;3865,1;3865,2;3864,9;3864,9;0,0525
2019.03.01 03:43:00;3865;3865,7;3864,3;3864,3;0,18782
2019.03.01 03:44:00;3864,6;3864,6;3864;3864,5;0,3525
2019.03.01 03:45:00;3864,5;3864,8;3864,3;3864,8;0,24
2019.03.01 03:46:00;3864,7;3865,1;3864;3864,5;0,19503
2019.03.01 03:47:00;3864,4;3865,3;3863,4;3865,3;0,23278
2019.03.01 03:48:00;3865,3;3865,4;3864,4;3864,9;0,21008
2019.03.01 03:49:00;3864,8;3865,2;3864;3864,1;0,345
2019.03.01 03:50:00;3864,5;3864,5;3862,9;3863;0,2775
2019.03.01 03:51:00;3863;3863,5;3863;3863,4;0,195
2019.03.01 03:52:00;3863,3;3865,1;3863,3;3864,2;0,225
2019.03.01 03:53:00;3864,1;3864,3;3863,2;3864,1;0,1725
2019.03.01 03:54:00;3864,2;3864,4;3864,1;3864,3;0,075
2019.03.01 03:55:00;3864,4;3864,5;3864,2;3864,3;0,0675
2019.03.01 03:56:00;3864,2;3864,3;3863,4;3863,4;0,135
2019.03.01 03:57:00;3863,5;3863,8;3863,1;3863,3;0,1725
2019.03.01 03:58:00;3863,4;3863,6;3863,1;3863,3;0,27
2019.03.01 03:59:00;3863,2;3863,8;3862,9;3863;0,2775
2019.03.01 04:00:00;3862,9;3863,1;3862,7;3863;0,21
2019.03.01 04:01:00;3863,1;3863,8;3863,1;3863,8;0,12
2019.03.01 04:02:00;3863,9;3864,2;3863,9;3863,9;0,075
2019.03.01 04:03:00;3863,9;3863,9;3863,4;3863,4;0,1275
2019.03.01 04:04:00;3863,5;3863,8;3863,5;3863,7;0,1275
2019.03.01 04:05:00;3863,8;3863,8;3863,5;3863,6;0,0525
2019.03.01 04:06:00;3863,5;3863,8;3863,4;3863,4;0,1425
2019.03.01 04:07:00;3863,5;3863,8;3863,1;3863,5;0,165
2019.03.01 04:08:00;3863,6;3863,6;3863,4;3863,5;0,0525
2019.03.01 04:09:00;3863,1;3863,2;3862,4;3862,4;0,2775
2019.03.01 04:10:00;3862,3;3862,5;3861,8;3862,1;0,2625
2019.03.01 04:11:00;3862,2;3862,2;3861,7;3862,2;0,135
2019.03.01 04:12:00;3862,3;3862,9;3862,3;3862,9;0,1076
2019.03.01 04:13:00;3862,9;3863,1;3862,9;3863,1;0,00028
2019.03.01 04:14:00;3863,1;3863,6;3863,1;3863,6;0,03787
2019.03.01 04:15:00;3863,6;3863,8;3863,6;3863,7;0,0106
2019.03.01 04:16:00;3863,8;3863,8;3862,4;3863,4;0,2455
2019.03.01 04:17:00;3863,3;3863,6;3862,1;3862,3;0,35502
2019.03.01 04:18:00;3862,2;3862,3;3861,6;3861,7;0,2475
2019.03.01 04:19:00;3861,8;3862,5;3861,4;3861,6;0,375
2019.03.01 04:20:00;3861,8;3863,5;3861,8;3863,3;0,435
2019.03.01 04:21:00;3862,9;3862,9;3861,8;3861,8;0,1875
2019.03.01 04:22:00;3861,7;3862;3861,5;3861,7;0,2775
2019.03.01 04:23:00;3861,8;3861,8;3860,7;3861;0,3075
2019.03.01 04:24:00;3861,1;3862,1;3861,1;3862,1;0,17777
2019.03.01 04:25:00;3862,1;3862,4;3862,1;3862,4;0,00035
2019.03.01 04:26:00;3862,4;3862,9;3862,4;3862,4;0,10022
2019.03.01 04:27:00;3862,5;3862,5;3862;3862;0,1425
2019.03.01 04:28:00;3861,9;3861,9;3861;3861,2;0,15
2019.03.01 04:29:00;3861,3;3861,3;3860,8;3860,9;0,1125
2019.03.01 04:30:00;3861;3862,2;3860,9;3861,2;0,3251
2019.03.01 04:31:00;3861,3;3861,8;3860,8;3860,8;0,1975
2019.03.01 04:32:00;3860,9;3861;3860,4;3860,4;0,2175
2019.03.01 04:33:00;3860,3;3860,7;3860;3860,5;0,27
2019.03.01 04:34:00;3860,4;3861,4;3859,8;3861,3;0,3975
2019.03.01 04:35:00;3861,2;3861,2;3860,7;3861,1;0,1725
2019.03.01 04:36:00;3861;3861;3859,9;3860,4;0,39
2019.03.01 04:37:00;3860,4;3860,6;3859,4;3859,8;0,27
2019.03.01 04:38:00;3859,9;3861;3859,9;3860,2;0,1275
2019.03.01 04:39:00;3860,3;3860,4;3860;3860,2;0,15
2019.03.01 04:40:00;3860,3;3860,5;3859,5;3859,7;0,1875
2019.03.01 04:41:00;3859,5;3861,6;3859,5;3860,9;0,2175
2019.03.01 04:42:00;3861,4;3861,9;3861;3861,3;0,165
2019.03.01 04:43:00;3860,9;3861,5;3860,8;3861,5;0,135
2019.03.01 04:44:00;3861,6;3861,8;3861,1;3861,1;0,18
2019.03.01 04:45:00;3861;3861;3860,7;3860,8;0,1575
2019.03.01 04:46:00;3860,9;3860,9;3860,7;3860,8;0,0825
2019.03.01 04:47:00;3860,7;3861;3860,6;3860,9;0,15
2019.03.01 04:48:00;3860,8;3861;3860,8;3860,8;0,0825
2019.03.01 04:49:00;3860,9;3861,1;3860,8;3860,9;0,1125
2019.03.01 04:50:00;3860,9;3860,9;3860,4;3860,5;0,195
2019.03.01 04:51:00;3860,4;3860,8;3860,1;3860,3;0,2325
2019.03.01 04:52:00;3860,2;3860,4;3859,9;3860,3;0,135
2019.03.01 04:53:00;3860,3;3860,3;3859,6;3860;0,07505
2019.03.01 04:54:00;3860;3860,4;3859,3;3859,7;0,18513
2019.03.01 04:55:00;3859,6;3859,7;3859,5;3859,7;0,07752
2019.03.01 04:56:00;3859,8;3860,1;3859,5;3860,1;0,09807
2019.03.01 04:57:00;3860,1;3860,1;3860,1;3860,1;0,00032
2019.03.01 04:58:00;3860,1;3860,2;3860,1;3860,1;0,00045
2019.03.01 04:59:00;3860,2;3860,2;3860,1;3860,2;0,00045
2019.03.01 05:00:00;3860,2;3861,1;3860,2;3861,1;0,01512
2019.03.01 05:01:00;3861;3861,2;3861;3861,1;0,12
2019.03.01 05:02:00;3861,2;3861,3;3860,7;3861;0,285
2019.03.01 05:03:00;3861,1;3861,4;3861;3861,3;0,2175
2019.03.01 05:04:00;3861,2;3861,3;3861,2;3861,3;0,1425
2019.03.01 05:05:00;3861,2;3861,3;3860,4;3860,4;0,1875
2019.03.01 05:06:00;3860,3;3861,4;3860,2;3861;0,15263
2019.03.01 05:07:00;3860,7;3861,6;3860,6;3861;0,24258
2019.03.01 05:08:00;3861,1;3861,1;3860,5;3860,6;0,12
2019.03.01 05:09:00;3860,5;3860,6;3860;3860,2;0,195
2019.03.01 05:10:00;3860,2;3860,4;3860,1;3860,4;0,1425
2019.03.01 05:11:00;3860,3;3861;3860,3;3861;0,1425
2019.03.01 05:12:00;3860,9;3861,2;3860,9;3861,2;0,0975
2019.03.01 05:13:00;3861,3;3861,5;3860,6;3860,9;0,0975
2019.03.01 05:14:00;3860,8;3860,9;3860,6;3860,6;0,0525
2019.03.01 05:15:00;3860,7;3860,8;3860,6;3860,8;0,0375
2019.03.01 05:16:00;3860,7;3860,7;3860,4;3860,5;0,1425
2019.03.01 05:17:00;3860,5;3860,8;3859,7;3860,4;0,34513
2019.03.01 05:18:00;3860,5;3860,5;3860,1;3860,1;0,1575
2019.03.01 05:19:00;3860,2;3860,3;3859,6;3859,7;0,1425
2019.03.01 05:20:00;3859,8;3860,4;3859,7;3860,4;0,21
2019.03.01 05:21:00;3860,4;3860,5;3860,2;3860,2;0,1125
2019.03.01 05:22:00;3860,1;3860,7;3860,1;3860,7;0,1875
2019.03.01 05:23:00;3860,7;3861,3;3860,7;3861,3;0,05267
2019.03.01 05:24:00;3861,2;3861,3;3861,1;3861,3;0,06255
2019.03.01 05:25:00;3861,3;3861,6;3861,3;3861,5;0,15252
2019.03.01 05:26:00;3861,5;3862,4;3861,4;3862,4;0,10257
2019.03.01 05:27:00;3862,4;3862,5;3862,3;3862,4;0,0375
2019.03.01 05:28:00;3862,3;3862,4;3861,8;3861,8;0,1126
2019.03.01 05:29:00;3861,8;3862,2;3861,8;3862,1;0,01015
2019.03.01 05:30:00;3862,2;3862,3;3862;3862,1;0,09252
2019.03.01 05:31:00;3862;3862,7;3862;3862,4;0,07295
2019.03.01 05:32:00;3862,4;3862,4;3862,3;3862,3;0,0304
2019.03.01 05:33:00;3862,3;3862,4;3862,2;3862,4;0,1001
2019.03.01 05:34:00;3862,3;3862,6;3862,2;3862,6;0,1075
2019.03.01 05:35:00;3862,5;3862,6;3862,4;3862,6;0,03005
2019.03.01 05:36:00;3862,5;3862,7;3862,5;3862,5;0,05253
2019.03.01 05:37:00;3862,5;3862,6;3862,3;3862,3;0,0551
2019.03.01 05:38:00;3862,4;3862,7;3862,3;3862,4;0,0551
2019.03.01 05:39:00;3862,3;3862,4;3861,7;3861,7;0,05563
2019.03.01 05:40:00;3861,9;3862,1;3861,9;3862,1;0,07
2019.03.01 05:41:00;3861,9;3862,1;3861,9;3862;0,08017
2019.03.01 05:42:00;3862;3862;3862;3862;0,00063
2019.03.01 05:43:00;3862;3862;3861,4;3861,4;0,0008
2019.03.01 05:44:00;3861,4;3861,8;3861,2;3861,8;0,028
2019.03.01 05:45:00;3861,7;3862,5;3861,7;3862,4;0,03045
2019.03.01 05:46:00;3862,1;3862,3;3862;3862,2;0,195
2019.03.01 05:47:00;3862,2;3862,3;3862,1;3862,3;0,0203
2019.03.01 05:48:00;3862,3;3862,3;3862;3862;0,00038
2019.03.01 05:49:00;3862;3862,4;3862;3862,4;0,02508
2019.03.01 05:50:00;3862,4;3862,4;3862,2;3862,2;0,0651
2019.03.01 05:51:00;3862,3;3862,6;3861,8;3861,8;0,1575
2019.03.01 05:52:00;3861,7;3861,8;3861,5;3861,5;0,135
2019.03.01 05:53:00;3861,6;3861,7;3861,5;3861,5;0,06
2019.03.01 05:54:00;3861,6;3861,8;3861,5;3861,6;0,1275
2019.03.01 05:55:00;3861,6;3861,7;3861,6;3861,7;0,0225
2019.03.01 05:56:00;3862,4;3862,7;3860,3;3860,5;0,26762
2019.03.01 05:57:00;3860,3;3860,5;3860,2;3860,4;0,26538
2019.03.01 05:58:00;3860,4;3860,5;3859;3860,3;0,29755
2019.03.01 05:59:00;3860,4;3860,5;3860;3860,1;0,1425
2019.03.01 06:00:00;3860,1;3860,7;3860,1;3860,4;0,31
2019.03.01 06:01:00;3860,7;3860,7;3860,1;3860,5;0,13
2019.03.01 06:02:00;3860,4;3860,6;3860,1;3860,2;0,085
2019.03.01 06:03:00;3860,1;3860,2;3859,5;3860,2;0,195
2019.03.01 06:04:00;3860,4;3860,4;3859,5;3859,6;0,0825
2019.03.01 06:05:00;3859,4;3859,7;3859,4;3859,7;0,0825
2019.03.01 06:06:00;3859,9;3860,1;3859,4;3859,7;0,15002
2019.03.01 06:07:00;3859,6;3860,1;3859,2;3859,6;0,24518
2019.03.01 06:08:00;3859,7;3859,8;3859,6;3859,7;0,0825
2019.03.01 06:09:00;3859,8;3860,5;3859,7;3860,4;0,13267
2019.03.01 06:10:00;3860,5;3860,6;3860,4;3860,5;0,11517
2019.03.01 06:11:00;3860,6;3860,6;3860,3;3860,3;0,03753
2019.03.01 06:12:00;3860,3;3860,3;3860,3;3860,3;0,00006
2019.03.01 06:13:00;3860,3;3860,3;3860,2;3860,2;0,01022
2019.03.01 06:14:00;3860,2;3860,3;3860,2;3860,2;0,00045
2019.03.01 06:15:00;3860,2;3860,6;3860,2;3860,4;0,01535
2019.03.01 06:16:00;3860,3;3860,5;3860,3;3860,4;0,045
2019.03.01 06:17:00;3860,5;3860,6;3860,4;3860,5;0,055
2019.03.01 06:18:00;3860,4;3860,6;3860,4;3860,6;0,0425
2019.03.01 06:19:00;3860,6;3860,8;3860,6;3860,8;0,01035
2019.03.01 06:20:00;3860,8;3860,8;3860,8;3860,8;0,0002
2019.03.01 06:21:00;3860,8;3860,8;3860,8;3860,8;0,00035
2019.03.01 06:22:00;3860,8;3860,8;3860,8;3860,8;0,01002
2019.03.01 06:23:00;3860,8;3860,8;3860,8;3860,8;0,00006
2019.03.01 06:24:00;3860,8;3860,8;3860,8;3860,8;0,01013
2019.03.01 06:25:00;3860,7;3860,8;3860,6;3860,8;0,03268
2019.03.01 06:26:00;3860,8;3860,8;3860,8;3860,8;0,0002
2019.03.01 06:27:00;3860,8;3860,8;3860,2;3860,8;0,0426
2019.03.01 06:28:00;3860,7;3860,7;3860;3860,7;0,1152
2019.03.01 06:29:00;3860,7;3860,7;3860,3;3860,6;0,11522
2019.03.01 06:30:00;3860,6;3860,7;3860,2;3860,7;0,00077
2019.03.01 06:31:00;3860,7;3860,7;3860,7;3860,7;0,00028
2019.03.01 06:32:00;3860,7;3860,7;3860,7;3860,7;0,00028
2019.03.01 06:33:00;3860,7;3860,7;3860,7;3860,7;0,00042
2019.03.01 06:34:00;3860,7;3860,7;3860,7;3860,7;0,00022
2019.03.01 06:35:00;3860,7;3861,7;3860,7;3861,6;0,03005
2019.03.01 06:36:00;3861,5;3861,7;3861,5;3861,6;0,0525
2019.03.01 06:37:00;3861,7;3861,7;3861,6;3861,6;0,045
2019.03.01 06:38:00;3861,7;3861,7;3861,5;3861,5;0,075
2019.03.01 06:39:00;3861,4;3861,4;3861,2;3861,2;0,0825
2019.03.01 06:40:00;3861,2;3861,2;3861,1;3861,2;0,0275
2019.03.01 06:41:00;3861,2;3861,2;3861,1;3861,2;0,02755
2019.03.01 06:42:00;3861,2;3861,3;3860,6;3860,8;0,1178
2019.03.01 06:43:00;3860,8;3860,9;3860,1;3860,1;0,1425
2019.03.01 06:44:00;3860,1;3860,2;3860;3860,2;0,0375
2019.03.01 06:45:00;3860,8;3860,8;3859,7;3860,1;0,13507
2019.03.01 06:46:00;3860,1;3860,6;3860;3860,6;0,10255
2019.03.01 06:47:00;3860,6;3861,1;3860,6;3860,9;0,1027
2019.03.01 06:48:00;3860,8;3861;3860,8;3861;0,0525
2019.03.01 06:49:00;3861,4;3861,4;3861,4;3861,4;0,00003
2019.03.01 06:50:00;3861,1;3861,1;3860,7;3861,1;0,075
2019.03.01 06:51:00;3861;3861,1;3860,8;3861;0,045
2019.03.01 06:52:00;3861,1;3861,1;3861;3861;0,12
2019.03.01 06:53:00;3861,1;3861,1;3861;3861;0,0675
2019.03.01 06:54:00;3861;3861;3860,9;3861;0,075
2019.03.01 06:55:00;3861,4;3861,4;3861,4;3861,4;0,00003
2019.03.01 06:56:00;3861,4;3861,4;3861,4;3861,4;0
2019.03.01 06:57:00;3861,1;3861,1;3861;3861,1;0,0225
2019.03.01 06:58:00;3861;3861,1;3861;3861,1;0,05253
2019.03.01 06:59:00;3861;3861,1;3860,9;3861;0,0525
2019.03.01 07:00:00;3860,9;3861;3860,5;3860,5;0,1425
2019.03.01 07:01:00;3860,4;3860,5;3860,1;3860,1;0,2475
2019.03.01 07:02:00;3860,2;3860,2;3859,5;3859,6;0,3276
2019.03.01 07:03:00;3859,5;3860,5;3859,5;3860;0,32007
2019.03.01 07:04:00;3859,8;3860,1;3859,4;3859,4;0,24752
2019.03.01 07:05:00;3859,4;3859,7;3859,3;3859,4;0,09767
2019.03.01 07:06:00;3859,3;3859,4;3859,3;3859,4;0,09
2019.03.01 07:07:00;3859,4;3859,9;3859,4;3859,4;0,15263
2019.03.01 07:08:00;3859,6;3859,6;3859,2;3859,3;0,17522
2019.03.01 07:09:00;3859,2;3859,6;3859,2;3859,4;0,14
2019.03.01 07:10:00;3859,5;3859,5;3858,8;3858,8;0,13028
2019.03.01 07:11:00;3858,8;3859,6;3858,8;3858,8;0,12543
2019.03.01 07:12:00;3858,9;3859,2;3858,6;3858,7;0,1725
2019.03.01 07:13:00;3858,6;3858,9;3858,5;3858,5;0,345
2019.03.01 07:14:00;3858,6;3858,7;3857,9;3858,1;0,21018
2019.03.01 07:15:00;3858,1;3858,5;3858,1;3858,5;0,17783
2019.03.01 07:16:00;3858,6;3858,8;3858,5;3858,8;0,06507
2019.03.01 07:17:00;3858,7;3858,8;3858,5;3858,6;0,0775
2019.03.01 07:18:00;3858,7;3858,7;3858,5;3858,5;0,0375
2019.03.01 07:19:00;3858,4;3858,5;3858,4;3858,5;0,045
2019.03.01 07:20:00;3858,4;3858,4;3858,2;3858,4;0,0675
2019.03.01 07:21:00;3858,5;3858,5;3858,3;3858,3;0,15
2019.03.01 07:22:00;3858,4;3858,5;3858;3858,1;0,04043
2019.03.01 07:23:00;3858,1;3858,4;3857,9;3857,9;0,03047
2019.03.01 07:24:00;3857,9;3858;3857,4;3857,8;0,01068
2019.03.01 07:25:00;3857,8;3857,8;3856,6;3857,1;0,05095
2019.03.01 07:26:00;3857,1;3857,2;3856;3856;0,0504
2019.03.01 07:27:00;3855,9;3856;3855,2;3855,7;0,41783
2019.03.01 07:28:00;3855,6;3855,6;3852,5;3852,5;0,62305
2019.03.01 07:29:00;3852,5;3853,6;3851,9;3853,6;0,35923
2019.03.01 07:30:00;3853,6;3853,6;3852,1;3852,1;0,34073
2019.03.01 07:31:00;3852,2;3853,4;3852,2;3853;0,36288
2019.03.01 07:32:00;3852,9;3854,5;3852,8;3854,3;0,11388
2019.03.01 07:33:00;3854,3;3854,4;3854;3854,4;0,001
2019.03.01 07:34:00;3854,4;3854,4;3854,4;3854,4;0,0002
2019.03.01 07:35:00;3854,4;3854,9;3854,4;3854,7;0,04832
2019.03.01 07:36:00;3854,8;3855,5;3854,6;3855,5;0,30268
2019.03.01 07:37:00;3855,5;3855,7;3855,5;3855,7;0,01047
2019.03.01 07:38:00;3855,7;3857,8;3855,7;3857,4;0,0686
2019.03.01 07:39:00;3857,3;3857,4;3857,1;3857,4;0,22805
2019.03.01 07:40:00;3857,2;3858,2;3857,2;3857,6;0,02895
2019.03.01 07:41:00;3857,6;3858,4;3857,3;3858,4;0,0164
2019.03.01 07:42:00;3858,5;3858,5;3857,5;3858,2;0,15313
2019.03.01 07:43:00;3858,2;3858,2;3857,3;3857,3;0,223
2019.03.01 07:44:00;3857,4;3857,7;3856,7;3857,7;0,33505
2019.03.01 07:45:00;3857,8;3858,7;3857,8;3858,7;0,1304
2019.03.01 07:46:00;3858,7;3858,9;3858;3858,7;0,31772
2019.03.01 07:47:00;3858,7;3858,8;3858,1;3858,4;0,16758
2019.03.01 07:48:00;3858,5;3858,6;3858,4;3858,5;0,13753
2019.03.01 07:49:00;3858,4;3858,4;3857,7;3857,9;0,2475
2019.03.01 07:50:00;3857,8;3858,3;3857,2;3858,3;0,2925
2019.03.01 07:51:00;3857,8;3857,9;3857,7;3857,8;0,1875
2019.03.01 07:52:00;3857,9;3859,3;3857,8;3858,9;0,1429
2019.03.01 07:53:00;3859,4;3861,2;3859,4;3861,1;0,0881
2019.03.01 07:54:00;3861,1;3862,9;3861;3862,7;0,05335
2019.03.01 07:55:00;3862,7;3862,9;3862,7;3862,9;0,02065
2019.03.01 07:56:00;3862,9;3863,6;3862,1;3862,3;0,31815
2019.03.01 07:57:00;3862,4;3862,9;3862,1;3862,6;0,11295
2019.03.01 07:58:00;3862,6;3862,6;3862,2;3862,2;0,00068
2019.03.01 07:59:00;3862,2;3867;3862,2;3867;0,00112
2019.03.01 08:00:00;3867;3868,3;3866,8;3868,3;0,0614
2019.03.01 08:01:00;3867,8;3869,1;3867,6;3869,1;0,2801
2019.03.01 08:02:00;3869,1;3869,1;3868,8;3868,8;0,06062
2019.03.01 08:03:00;3868,8;3868,8;3867,8;3867,8;0,1452
2019.03.01 08:04:00;3867,7;3867,7;3863,9;3864,1;0,665
2019.03.01 08:05:00;3864,2;3864,5;3863,7;3864,1;0,475
2019.03.01 08:06:00;3863,9;3864,7;3863,9;3864,7;0,1604
2019.03.01 08:07:00;3864,7;3864,7;3864,7;3864,7;0,00068
2019.03.01 08:08:00;3864,7;3864,7;3864,3;3864,3;0,11298
2019.03.01 08:09:00;3864,4;3864,6;3864,2;3864,6;0,17283
2019.03.01 08:10:00;3864,7;3864,7;3864,7;3864,7;0,02042
2019.03.01 08:11:00;3864,8;3867,7;3864,8;3867,7;0,01103
2019.03.01 08:12:00;3867,7;3867,7;3867,1;3867,6;0,07518
2019.03.01 08:13:00;3867,7;3867,7;3867,5;3867,7;0,05527
2019.03.01 08:14:00;3867,7;3867,7;3867,2;3867,7;0,15502
2019.03.01 08:15:00;3867,6;3868,1;3867,4;3868;0,26522
2019.03.01 08:16:00;3867,9;3870,6;3867,8;3870,3;0,35773
2019.03.01 08:17:00;3870,4;3870,5;3868,9;3869;0,36
2019.03.01 08:18:00;3869,2;3870,1;3868,7;3870,1;0,44253
2019.03.01 08:19:00;3870,1;3870,1;3869,4;3869,4;0,28502
2019.03.01 08:20:00;3869,5;3869,9;3869,3;3869,7;0,405
2019.03.01 08:21:00;3869,8;3870,6;3869,8;3870,6;0,0807
2019.03.01 08:22:00;3870,6;3870,6;3869,9;3870;0,1332
2019.03.01 08:23:00;3870,4;3870,4;3868,7;3868,9;0,4225
2019.03.01 08:24:00;3868,8;3868,9;3867,6;3868,7;0,4575
2019.03.01 08:25:00;3868,8;3868,9;3867,7;3868,7;0,42
2019.03.01 08:26:00;3868,8;3868,9;3867,7;3867,7;0,315
2019.03.01 08:27:00;3867,9;3868,5;3867,5;3867,8;0,3075
2019.03.01 08:28:00;3867,9;3869,4;3867,9;3869,3;0,3225
2019.03.01 08:29:00;3869,2;3869,3;3868,8;3868,9;0,06
2019.03.01 08:30:00;3868,8;3869,8;3868,8;3869,5;0,29255
2019.03.01 08:31:00;3869,4;3870,2;3869,4;3870;0,14758
2019.03.01 08:32:00;3870;3870;3869,7;3869,8;0,0728
2019.03.01 08:33:00;3869,7;3869,8;3867,6;3868,1;0,47763
2019.03.01 08:34:00;3868,2;3868,7;3868,1;3868,6;0,1725
2019.03.01 08:35:00;3868,7;3869,2;3868,7;3869,2;0,0975
2019.03.01 08:36:00;3869,1;3869,2;3868,4;3868,5;0,2325
2019.03.01 08:37:00;3868,6;3868,7;3868,4;3868,5;0,1275
2019.03.01 08:38:00;3868,6;3868,7;3868,5;3868,5;0,075
2019.03.01 08:39:00;3868,6;3868,6;3868,5;3868,6;0,0375
2019.03.01 08:40:00;3868,7;3869,5;3868,7;3869,5;0,10007
2019.03.01 08:41:00;3869,5;3869,5;3869,4;3869,4;0,04503
2019.03.01 08:42:00;3869,5;3869,5;3868,6;3868,8;0,185
2019.03.01 08:43:00;3868,9;3869,3;3868,8;3869,2;0,1725
2019.03.01 08:44:00;3869,1;3869,6;3869,1;3869,6;0,25022
2019.03.01 08:45:00;3869,6;3869,6;3868,8;3869,3;0,19532
2019.03.01 08:46:00;3869,3;3869,3;3869;3869,1;0,0432
2019.03.01 08:47:00;3869;3869,1;3868,4;3868,5;0,2027
2019.03.01 08:48:00;3868,6;3869,4;3868,6;3869,4;0,08532
2019.03.01 08:49:00;3869,4;3869,4;3868,4;3868,9;0,05572
2019.03.01 08:50:00;3868,9;3869,5;3868,4;3868,6;0,28755
2019.03.01 08:51:00;3868,5;3868,8;3867,9;3868,2;0,255
2019.03.01 08:52:00;3868,3;3869,4;3868,2;3869,4;0,1331
2019.03.01 08:53:00;3869,2;3869,2;3868,8;3869;0,01542
2019.03.01 08:54:00;3868,8;3869;3868,8;3868,9;0,01787
2019.03.01 08:55:00;3868,9;3869,1;3868,4;3868,8;0,01802
2019.03.01 08:56:00;3868,8;3869,2;3868,8;3869,2;0,01022
2019.03.01 08:57:00;3869,2;3869,3;3869,2;3869,3;0,01022
2019.03.01 08:58:00;3869,2;3869,4;3869;3869,4;0,0227
2019.03.01 08:59:00;3869,4;3869,6;3869,3;3869,3;0,04505
2019.03.01 09:00:00;3869,2;3869,2;3869;3869,2;0,02055
2019.03.01 09:01:00;3869,2;3870;3869,2;3869,9;0,01087
2019.03.01 09:02:00;3869,9;3871,5;3869,9;3871,5;0,00122
2019.03.01 09:03:00;3872;3875,8;3871,9;3875,8;0,0026
2019.03.01 09:04:00;3875,8;3883,4;3875;3875;0,48683
2019.03.01 09:05:00;3874,8;3876,4;3872,9;3875,9;0,63033
2019.03.01 09:06:00;3875,8;3879,6;3875,5;3879,4;0,35933
2019.03.01 09:07:00;3879,5;3886,1;3879,2;3882,9;0,45903
2019.03.01 09:08:00;3882,5;3883,5;3879,5;3879,8;0,7159
2019.03.01 09:09:00;3879,7;3880,1;3876,5;3879,1;0,77333
2019.03.01 09:10:00;3879,1;3880,1;3876,4;3878,4;0,4354
2019.03.01 09:11:00;3878,5;3878,5;3875,5;3876,7;0,525
2019.03.01 09:12:00;3876,8;3877,4;3876,7;3877,1;0,285
2019.03.01 09:13:00;3877;3878,3;3877;3878;0,2877
2019.03.01 09:14:00;3878,3;3881,1;3878,3;3880,7;0,17595
2019.03.01 09:15:00;3880,7;3881;3877,8;3877,8;0,28782
2019.03.01 09:16:00;3877,7;3877,7;3874,3;3876,2;0,555
2019.03.01 09:17:00;3876,1;3876,6;3873,3;3873,5;0,3375
2019.03.01 09:18:00;3873,4;3874,7;3872,7;3874,7;0,2714
2019.03.01 09:19:00;3874,7;3874,7;3871,7;3871,8;0,28855
2019.03.01 09:20:00;3871,9;3875,5;3871,8;3874,6;0,1718
2019.03.01 09:21:00;3874,5;3875,2;3874,5;3875,2;0,0933
2019.03.01 09:22:00;3875,2;3875,7;3875,2;3875,2;0,00082
2019.03.01 09:23:00;3875,2;3875,2;3875,2;3875,2;0,00075
2019.03.01 09:24:00;3875,2;3876,5;3875,2;3876,5;0,00052
2019.03.01 09:25:00;3876,5;3876,5;3875,9;3875,9;0,05785
2019.03.01 09:26:00;3875,8;3876,5;3875,1;3876,5;0,16292
2019.03.01 09:27:00;3876,5;3876,6;3875,2;3876;0,19048
2019.03.01 09:28:00;3875,9;3876,4;3875,3;3876,1;0,13082
2019.03.01 09:29:00;3876,2;3876,4;3875,4;3876;0,18063
2019.03.01 09:30:00;3875,7;3876,4;3875,7;3876,4;0,0006
2019.03.01 09:31:00;3876,4;3876,6;3876,4;3876,6;0,00035
2019.03.01 09:32:00;3876,6;3878,4;3876,6;3878,4;0,00088
2019.03.01 09:33:00;3880,2;3880,2;3879,1;3880;0,25538
2019.03.01 09:34:00;3880;3881,4;3876,9;3878;0,24422
2019.03.01 09:35:00;3878;3880;3878;3879,8;0,041
2019.03.01 09:36:00;3879,9;3879,9;3876,2;3877,7;0,20597
2019.03.01 09:37:00;3877,7;3879,1;3877,2;3879,1;0,04607
2019.03.01 09:38:00;3879,1;3880,7;3879;3880,6;0,23075
2019.03.01 09:39:00;3880,4;3880,4;3878,4;3879,8;0,3055
2019.03.01 09:40:00;3879,5;3880,4;3879,2;3880,4;0,29515
2019.03.01 09:41:00;3880,4;3880,5;3880,4;3880,5;0,02063
2019.03.01 09:42:00;3880,5;3880,5;3879,6;3879,9;0,2201
2019.03.01 09:43:00;3880;3880;3878,6;3879,3;0,3075
2019.03.01 09:44:00;3879,2;3880,2;3879,1;3880,1;0,3825
2019.03.01 09:45:00;3880,2;3880,2;3878,1;3878,1;0,33005
2019.03.01 09:46:00;3878,1;3878,6;3877,7;3877,9;0,16828
2019.03.01 09:47:00;3878,2;3878,8;3878,2;3878,8;0,00055
2019.03.01 09:48:00;3878,8;3878,8;3877,2;3877,2;0,01558
2019.03.01 09:49:00;3877,2;3877,2;3874,4;3874,5;0,3226
2019.03.01 09:50:00;3874,4;3874,5;3873,3;3873,4;0,3375
2019.03.01 09:51:00;3873,4;3874,2;3873,3;3874;0,195
2019.03.01 09:52:00;3873,9;3874,5;3873;3873,1;0,25503
2019.03.01 09:53:00;3873;3874,5;3873;3873,2;0,3375
2019.03.01 09:54:00;3873,3;3874,4;3873,1;3873,4;0,3525
2019.03.01 09:55:00;3873,5;3873,5;3873,2;3873,4;0,2325
2019.03.01 09:56:00;3873,3;3873,8;3873,2;3873,8;0,15
2019.03.01 09:57:00;3873,7;3874;3873,6;3874;0,1725
2019.03.01 09:58:00;3873,9;3874,2;3873,6;3873,7;0,3
2019.03.01 09:59:00;3873,8;3874;3872,7;3873,2;0,45
2019.03.01 10:00:00;3873,3;3873,3;3872,4;3873,2;0,3075
2019.03.01 10:01:00;3873,3;3873,9;3873,2;3873,2;0,165
2019.03.01 10:02:00;3873,3;3873,3;3872,8;3872,8;0,1875
2019.03.01 10:03:00;3872,9;3873;3871,9;3871,9;0,18
2019.03.01 10:04:00;3872;3872,1;3870;3870;0,4575
2019.03.01 10:05:00;3870,1;3870,4;3868,5;3869,5;0,57
2019.03.01 10:06:00;3869,1;3869,5;3867,8;3869,5;0,2806
2019.03.01 10:07:00;3869,5;3875,2;3869,5;3874,7;0,00975
2019.03.01 10:08:00;3874,5;3874,7;3871,5;3873;0,3578
2019.03.01 10:09:00;3872,9;3872,9;3871,7;3872,5;0,1575
2019.03.01 10:10:00;3872,5;3872,5;3871,6;3872,3;0,2578
2019.03.01 10:11:00;3872,1;3872,1;3871,1;3871,1;0,1275
2019.03.01 10:12:00;3871;3872;3871;3872;0,18
2019.03.01 10:13:00;3871,3;3871,3;3870,1;3870,5;0,285
2019.03.01 10:14:00;3870,5;3870,7;3869,6;3869,8;0,3226
2019.03.01 10:15:00;3869,8;3870,6;3869,4;3870,6;0,25005
2019.03.01 10:16:00;3870,4;3870,6;3869,9;3870,1;0,24252
2019.03.01 10:17:00;3870;3870,5;3869,7;3869,9;0,15505
2019.03.01 10:18:00;3869,8;3870,5;3869,8;3870,4;0,15015
2019.03.01 10:19:00;3870,4;3870,4;3869,4;3870;0,18762
2019.03.01 10:20:00;3869,9;3870;3869,3;3869,4;0,12
2019.03.01 10:21:00;3869,5;3869,7;3869,5;3869,5;0,11263
2019.03.01 10:22:00;3869,5;3869,6;3869,3;3869,5;0,0525
2019.03.01 10:23:00;3869,6;3870,2;3869,5;3870,2;0,13
2019.03.01 10:24:00;3870,1;3871,8;3869,9;3871,8;0,07068
2019.03.01 10:25:00;3871,8;3871,8;3870,9;3871,4;0,00077
2019.03.01 10:26:00;3871,4;3871,6;3871,3;3871,5;0,00057
2019.03.01 10:27:00;3871,5;3871,7;3871,4;3871,4;0,0109
2019.03.01 10:28:00;3871,4;3871,8;3871,3;3871,3;0,01578
2019.03.01 10:29:00;3871,3;3871,3;3871;3871,3;0,0478
2019.03.01 10:30:00;3871,3;3873;3871,3;3873;0,0382
2019.03.01 10:31:00;3873;3873;3871,4;3871,5;0,04532
2019.03.01 10:32:00;3871,8;3871,8;3871,5;3871,5;0,01027
2019.03.01 10:33:00;3871,5;3871,8;3871,5;3871,8;0,00007
2019.03.01 10:34:00;3871,8;3872,3;3871,8;3871,9;0,00052
2019.03.01 10:35:00;3871,9;3872,9;3871,9;3872,8;0,01762
2019.03.01 10:36:00;3872,7;3872,7;3872,2;3872,6;0,0825
2019.03.01 10:37:00;3872,7;3873;3872,5;3872,9;0,05505
2019.03.01 10:38:00;3873;3873,2;3872,9;3872,9;0,075
2019.03.01 10:39:00;3873;3873,2;3872,9;3873;0,1125
2019.03.01 10:40:00;3873,3;3873,5;3873;3873,5;0,1325
2019.03.01 10:41:00;3873,1;3873,5;3872,3;3873,4;0,0876
2019.03.01 10:42:00;3873,2;3873,4;3872,4;3872,5;0,1102
2019.03.01 10:43:00;3872,8;3873,6;3872,2;3873,3;0,15768
2019.03.01 10:44:00;3873,6;3874,1;3873,4;3873,7;0,06835
2019.03.01 10:45:00;3874;3874,3;3873,8;3873,9;0,0104
2019.03.01 10:46:00;3873,9;3874,7;3873,9;3874,7;0,00028
2019.03.01 10:47:00;3874,7;3875,3;3873,7;3874,5;0,00068
2019.03.01 10:48:00;3874,5;3874,6;3873,1;3873,2;0,0006
2019.03.01 10:49:00;3873,2;3873,4;3873,2;3873,4;0,00047
2019.03.01 10:50:00;3873,6;3873,7;3873,6;3873,7;0,00007
2019.03.01 10:51:00;3873,7;3873,7;3873;3873;0,0002
2019.03.01 10:52:00;3873;3873;3873;3873;0,00045
2019.03.01 10:53:00;3873;3873;3873;3873;0,00065
2019.03.01 10:54:00;3873;3874,2;3873;3874;0,00128
2019.03.01 10:55:00;3874;3874;3873;3873,9;0,00118
2019.03.01 10:56:00;3873,9;3874,7;3873,8;3874,5;0,00112
2019.03.01 10:57:00;3874,2;3874,5;3873,2;3874,3;0,00183
2019.03.01 10:58:00;3874;3874,3;3873,2;3873,2;0,0114
2019.03.01 10:59:00;3873,2;3874,4;3873,2;3874,2;0,02133
2019.03.01 11:00:00;3874,3;3875,6;3873,9;3874,9;0,0788
2019.03.01 11:01:00;3875,3;3875,7;3874,2;3874,2;0,03072
2019.03.01 11:02:00;3875,3;3875,5;3875,3;3875,5;0,00017
2019.03.01 11:03:00;3875,5;3875,7;3875,5;3875,7;0,00022
2019.03.01 11:04:00;3875,8;3875,8;3875,7;3875,7;0,00032
2019.03.01 11:05:00;3875,7;3875,7;3875,2;3875,2;0,0526
2019.03.01 11:06:00;3875,3;3875,3;3875,1;3875,3;0,0675
2019.03.01 11:07:00;3875,4;3875,4;3875;3875;0,0525
2019.03.01 11:08:00;3874,9;3875;3874,8;3874,9;0,0525
2019.03.01 11:09:00;3875;3875;3874,5;3874,5;0,075
2019.03.01 11:10:00;3874,4;3874,4;3874;3874,2;0,1575
2019.03.01 11:11:00;3874,1;3874,2;3873,5;3873,5;0,165
2019.03.01 11:12:00;3873,4;3873,8;3873,4;3873,5;0,1125
2019.03.01 11:13:00;3873,9;3874,2;3873,7;3873,9;0,39
2019.03.01 11:14:00;3873,8;3875,1;3873,7;3875,1;0,35252
2019.03.01 11:15:00;3875;3875,1;3874,2;3874,4;0,23003
2019.03.01 11:16:00;3874,3;3874,4;3873,5;3873,9;0,31033
2019.03.01 11:17:00;3874;3874,1;3873,6;3874;0,14502
2019.03.01 11:18:00;3874,1;3874,2;3873,5;3874;0,18757
2019.03.01 11:19:00;3874;3874;3873,3;3873,8;0,12512
2019.03.01 11:20:00;3873,8;3873,8;3873,8;3873,8;0,00065
2019.03.01 11:21:00;3873,8;3873,8;3873,1;3873,4;0,15777
2019.03.01 11:22:00;3873,3;3873,4;3873,2;3873,2;0,01802
2019.03.01 11:23:00;3873,2;3874;3873,2;3873,9;0,12262
2019.03.01 11:24:00;3873,8;3873,9;3870,5;3870,5;0,40022
2019.03.01 11:25:00;3870,2;3870,4;3869;3869;0,315
2019.03.01 11:26:00;3869,1;3869,1;3867,9;3868;0,18
2019.03.01 11:27:00;3867,9;3869,2;3867,8;3869,1;0,27
2019.03.01 11:28:00;3869;3869,2;3868,7;3868,7;0,195
2019.03.01 11:29:00;3868,3;3868,6;3867,9;3868,6;0,285
2019.03.01 11:30:00;3868,7;3869,3;3868,6;3869,2;0,2575
2019.03.01 11:31:00;3868,8;3870,3;3868,8;3870,3;0,05038
2019.03.01 11:32:00;3870,3;3871,1;3870,3;3870,6;0,0382
2019.03.01 11:33:00;3870,5;3871,1;3870,2;3870,6;0,19282
2019.03.01 11:34:00;3870,6;3870,8;3870,6;3870,6;0,00085
2019.03.01 11:35:00;3870,6;3871,1;3870,6;3871,1;0,00105
2019.03.01 11:36:00;3871,1;3872,2;3871,1;3872;0,03305
2019.03.01 11:37:00;3872,1;3872,1;3871,4;3871,6;0,17003
2019.03.01 11:38:00;3871,4;3871,6;3871;3871,2;0,285
2019.03.01 11:39:00;3871,3;3871,3;3869,5;3869,5;0,24305
2019.03.01 11:40:00;3869,5;3870,7;3869,5;3870,7;0,00068
2019.03.01 11:41:00;3870,7;3870,7;3870,7;3870,7;0,0105
2019.03.01 11:42:00;3870,7;3870,9;3870,7;3870,9;0,00055
2019.03.01 11:43:00;3870,9;3871,3;3870,4;3870,7;0,13278
2019.03.01 11:44:00;3870,7;3870,7;3870;3870,2;0,25783
2019.03.01 11:45:00;3870;3871,3;3870;3871,3;0,18505
2019.03.01 11:46:00;3871,3;3871,6;3870,1;3870,6;0,28813
2019.03.01 11:47:00;3870,5;3871,1;3870,3;3870,5;0,3075
2019.03.01 11:48:00;3870,3;3870,7;3869,7;3869,7;0,1827
2019.03.01 11:49:00;3869,3;3869,9;3869,1;3869,9;0,105
2019.03.01 11:50:00;3870,1;3870,4;3869;3869,6;0,20752
2019.03.01 11:51:00;3869,7;3869,9;3869,6;3869,8;0,0825
2019.03.01 11:52:00;3869,7;3870;3869,6;3869,7;0,195
2019.03.01 11:53:00;3869,8;3869,9;3869,6;3869,8;0,12
2019.03.01 11:54:00;3869,9;3869,9;3868,8;3868,8;0,195
2019.03.01 11:55:00;3869;3869;3868,4;3868,7;0,3525
2019.03.01 11:56:00;3868,8;3870;3868,8;3870;0,1425
2019.03.01 11:57:00;3869,9;3870;3869,9;3869,9;0,08515
2019.03.01 11:58:00;3869,9;3869,9;3869,9;3869,9;0,0378
2019.03.01 11:59:00;3870;3870,1;3870;3870;0,04505
2019.03.01 12:00:00;3869,9;3869,9;3868,3;3869,7;0,31012
2019.03.01 12:01:00;3869,7;3869,8;3869,2;3869,3;0,12003
2019.03.01 12:02:00;3869,4;3869,4;3869,1;3869,2;0,0825
2019.03.01 12:03:00;3869,3;3869,5;3869,3;3869,4;0,0675
2019.03.01 12:04:00;3869,7;3870,1;3868,7;3868,9;0,33
2019.03.01 12:05:00;3869,3;3869,9;3869,3;3869,8;0,365
2019.03.01 12:06:00;3869,9;3870;3869,5;3869,9;0,14035
2019.03.01 12:07:00;3869,9;3869,9;3869,2;3869,2;0,25298
2019.03.01 12:08:00;3869,3;3869,4;3868,7;3869,1;0,31005
2019.03.01 12:09:00;3869,1;3869,4;3869,1;3869,4;0,15025
2019.03.01 12:10:00;3869,4;3869,6;3869,4;3869,6;0,04032
2019.03.01 12:11:00;3869,7;3869,7;3869,2;3869,4;0,14
2019.03.01 12:12:00;3869,3;3869,7;3868,8;3869,5;0,11753
2019.03.01 12:13:00;3869,3;3869,3;3869,1;3869,3;0,0975
2019.03.01 12:14:00;3869,4;3869,5;3868,9;3869,5;0,2025
2019.03.01 12:15:00;3869,4;3869,5;3868,6;3869;0,1875
2019.03.01 12:16:00;3869,2;3869,3;3868,6;3869,2;0,135
2019.03.01 12:17:00;3869,3;3869,3;3868,5;3868,5;0,3225
2019.03.01 12:18:00;3868,7;3869,3;3868,5;3869,3;0,2475
2019.03.01 12:19:00;3869,2;3869,3;3868,8;3869;0,255
2019.03.01 12:20:00;3868,9;3869,3;3868,8;3868,9;0,36
2019.03.01 12:21:00;3868,8;3869,3;3868,7;3868,9;0,5025
2019.03.01 12:22:00;3868,7;3868,7;3868,5;3868,6;0,135
2019.03.01 12:23:00;3868,7;3869,3;3868,6;3868,9;0,12
2019.03.01 12:24:00;3868,8;3869,2;3868,7;3868,7;0,1176
2019.03.01 12:25:00;3868,7;3869,5;3868,3;3869,5;0,00045
2019.03.01 12:26:00;3869,5;3869,5;3869,4;3869,4;0,00032
2019.03.01 12:27:00;3869,5;3869,9;3869,5;3869,9;0,07258
2019.03.01 12:28:00;3870;3870,9;3870;3870,7;0,07025
2019.03.01 12:29:00;3870,4;3870,9;3870,4;3870,7;0,0975
2019.03.01 12:30:00;3870,6;3870,6;3870;3870,3;0,12
2019.03.01 12:31:00;3870,2;3870,2;3868,1;3868,4;0,21
2019.03.01 12:32:00;3868,3;3869,3;3868,3;3868,4;0,285
2019.03.01 12:33:00;3868,3;3869,7;3868;3869,2;0,3025
2019.03.01 12:34:00;3869,1;3870,3;3868,8;3870,1;0,2025
2019.03.01 12:35:00;3870;3870,2;3868,9;3869,1;0,1575
2019.03.01 12:36:00;3869,2;3869,2;3868,2;3868,7;0,2475
2019.03.01 12:37:00;3868,8;3869,2;3868,6;3868,7;0,12
2019.03.01 12:38:00;3868;3868,8;3868;3868,6;0,1425
2019.03.01 12:39:00;3868,7;3869,2;3868,6;3868,6;0,1875
2019.03.01 12:40:00;3868,5;3868,7;3868,5;3868,7;0,0975
2019.03.01 12:41:00;3868,8;3869,4;3868,8;3869;0,135
2019.03.01 12:42:00;3868,9;3869;3868,6;3868,8;0,2475
2019.03.01 12:43:00;3868,9;3869,5;3868,6;3869,2;0,135
2019.03.01 12:44:00;3869,1;3869,5;3869,1;3869,5;0,27
2019.03.01 12:45:00;3869,4;3869,6;3869,2;3869,6;0,21
2019.03.01 12:46:00;3869,7;3870,3;3869,7;3870;0,0975
2019.03.01 12:47:00;3869,7;3869,7;3869;3869,4;0,15
2019.03.01 12:48:00;3869,5;3869,9;3869,4;3869,4;0,1725
2019.03.01 12:49:00;3869,5;3869,5;3869,2;3869,5;0,0975
2019.03.01 12:50:00;3869,4;3869,5;3868,5;3868,8;0,2025
2019.03.01 12:51:00;3868,9;3869,3;3868,9;3869,2;0,0675
2019.03.01 12:52:00;3869,1;3869,2;3868,8;3868,9;0,1125
2019.03.01 12:53:00;3869;3869;3868,9;3869;0,0375
2019.03.01 12:54:00;3868,9;3869,2;3868,9;3869;0,09753
2019.03.01 12:55:00;3868,9;3869;3868,8;3868,8;0,0675
2019.03.01 12:56:00;3868,8;3869,5;3868,8;3869,5;0,12
2019.03.01 12:57:00;3869;3869,1;3868,4;3868,8;0,24507
2019.03.01 12:58:00;3868,8;3869,4;3868,8;3869,1;0,16773
2019.03.01 12:59:00;3869;3869,3;3869;3869,1;0,195
2019.03.01 13:00:00;3869,1;3869,8;3868,8;3869;0,29752
2019.03.01 13:01:00;3868,9;3869,1;3868,6;3868,7;0,2125
2019.03.01 13:02:00;3868,8;3869;3868;3868,2;0,3175
2019.03.01 13:03:00;3868,3;3868,3;3866,7;3867,1;0,20015
2019.03.01 13:04:00;3867,2;3867,2;3867,1;3867,2;0,0825
2019.03.01 13:05:00;3867,4;3868,6;3867,4;3867,6;0,18263
2019.03.01 13:06:00;3867,5;3867,5;3865,3;3866,4;0,3975
2019.03.01 13:07:00;3866,9;3867,5;3865,1;3865,6;0,4275
2019.03.01 13:08:00;3865,6;3865,7;3865,5;3865,7;0,15
2019.03.01 13:09:00;3865,6;3865,8;3865,6;3865,7;0,06
2019.03.01 13:10:00;3865,6;3868;3865,5;3867,8;0,3225
2019.03.01 13:11:00;3868,1;3868,2;3867,7;3867,7;0,09
2019.03.01 13:12:00;3868;3868;3867,5;3867,5;0,0825
2019.03.01 13:13:00;3867,6;3868,4;3867,5;3867,5;0,165
2019.03.01 13:14:00;3867,6;3867,8;3867,6;3867,7;0,1275
2019.03.01 13:15:00;3867,8;3868;3867,7;3868;0,1425
2019.03.01 13:16:00;3867,9;3868,3;3867,8;3868,3;0,10003
2019.03.01 13:17:00;3868,6;3868,9;3868,1;3868,9;0,05518
2019.03.01 13:18:00;3868,9;3869,4;3868,9;3869,4;0,0005
2019.03.01 13:19:00;3869,4;3870,1;3869,4;3870,1;0,0002
2019.03.01 13:20:00;3870,2;3870,4;3870,2;3870,4;0,0002
2019.03.01 13:21:00;3870,4;3870,5;3870,2;3870,2;0,02797
2019.03.01 13:22:00;3870,2;3870,2;3870,2;3870,2;0,00005
2019.03.01 13:23:00;3870,2;3870,7;3870,2;3870,2;0,00042
2019.03.01 13:24:00;3870,2;3871;3870,2;3871;0,0003
2019.03.01 13:25:00;3871;3871;3871;3871;0,00017
2019.03.01 13:26:00;3871;3871,5;3871;3871,5;0,00017
2019.03.01 13:27:00;3871,5;3871,5;3871,5;3871,5;0,00015
2019.03.01 13:28:00;3871,5;3871,5;3871,5;3871,5;0,00028
2019.03.01 13:29:00;3871,5;3871,6;3870,9;3871,4;0,08278
2019.03.01 13:30:00;3871,4;3872,2;3871;3871;0,12755
2019.03.01 13:31:00;3870,9;3871;3870,5;3870,6;0,12
2019.03.01 13:32:00;3870,5;3870,7;3870,4;3870,5;0,1425
2019.03.01 13:33:00;3870,6;3871,3;3870,5;3871,3;0,105
2019.03.01 13:34:00;3871,4;3872;3871,4;3871,7;0,10255
2019.03.01 13:35:00;3871,9;3871,9;3871,7;3871,7;0,03
2019.03.01 13:36:00;3871,5;3871,5;3870,6;3870,7;0,1575
2019.03.01 13:37:00;3870,9;3871,9;3870,8;3871,9;0,18
2019.03.01 13:38:00;3871,6;3871,7;3870,2;3870,8;0,285
2019.03.01 13:39:00;3870,9;3872;3870,9;3871,9;0,225
2019.03.01 13:40:00;3872;3872;3870,5;3870,6;0,21
2019.03.01 13:41:00;3870,7;3871,2;3870,7;3871;0,15
2019.03.01 13:42:00;3871,1;3872,2;3871;3872,2;0,13282
2019.03.01 13:43:00;3872,2;3872,3;3872,2;3872,3;0,00057
2019.03.01 13:44:00;3872,3;3873,8;3872,3;3872,9;0,09098
2019.03.01 13:45:00;3872,9;3873,4;3872,9;3873,1;0,1079
2019.03.01 13:46:00;3873,2;3873,4;3873,1;3873,4;0,30005
2019.03.01 13:47:00;3873,4;3874,3;3873,4;3874,3;0,00118
2019.03.01 13:48:00;3874,3;3874,7;3874,1;3874,7;0,1758
2019.03.01 13:49:00;3874,7;3874,7;3874,4;3874,7;0,20005
2019.03.01 13:50:00;3874,6;3874,8;3874,6;3874,8;0,14008
2019.03.01 13:51:00;3874,8;3874,8;3874,4;3874,6;0,28255
2019.03.01 13:52:00;3874,7;3875,3;3874,5;3874,6;0,25527
2019.03.01 13:53:00;3874,5;3875;3874,5;3875;0,09508
2019.03.01 13:54:00;3875;3875,6;3875;3875,6;0,12768
2019.03.01 13:55:00;3875,6;3878,1;3875,6;3877,8;0,091
2019.03.01 13:56:00;3877,6;3877,9;3874,1;3874,1;0,45272
2019.03.01 13:57:00;3874,2;3876;3874,2;3876;0,23045
2019.03.01 13:58:00;3876;3877,2;3875,6;3877,2;0,25275
2019.03.01 13:59:00;3877,2;3877,7;3876,6;3877,7;0,23033
2019.03.01 14:00:00;3877,7;3877,7;3877,5;3877,7;0,0107
2019.03.01 14:01:00;3877,7;3877,8;3877,1;3877,3;0,10552
2019.03.01 14:02:00;3877,4;3877,7;3877,3;3877,3;0,00093
2019.03.01 14:03:00;3877,3;3877,7;3877,2;3877,5;0,00103
2019.03.01 14:04:00;3877,7;3878;3877,7;3877,8;0,00038
2019.03.01 14:05:00;3877,8;3877,8;3877,5;3877,6;0,0006
2019.03.01 14:06:00;3877,6;3877,6;3877;3877,2;0,04865
2019.03.01 14:07:00;3877,2;3877,3;3875,9;3876,3;0,17613
2019.03.01 14:08:00;3876,2;3876,2;3872,1;3873,1;0,63555
2019.03.01 14:09:00;3873,1;3875,5;3873,1;3875,5;0,01107
2019.03.01 14:10:00;3875,5;3875,5;3874,5;3874,8;0,19275
2019.03.01 14:11:00;3874,7;3874,7;3872,4;3873,9;0,42288
2019.03.01 14:12:00;3873,9;3873,9;3872,1;3872,3;0,3828
2019.03.01 14:13:00;3872,2;3873,8;3872,1;3873;0,3804
2019.03.01 14:14:00;3872,7;3873,3;3872,5;3872,7;0,268
2019.03.01 14:15:00;3872,4;3873;3872,3;3873;0,18013
2019.03.01 14:16:00;3873;3873,4;3872,8;3873,2;0,03857
2019.03.01 14:17:00;3873,2;3873,2;3873,2;3873,2;0,00072
2019.03.01 14:18:00;3873,2;3873,4;3872,8;3872,8;0,20835
2019.03.01 14:19:00;3872,9;3873,2;3872,8;3873;0,07875
2019.03.01 14:20:00;3873;3873,7;3873;3873,4;0,12062
2019.03.01 14:21:00;3873,5;3873,7;3873,1;3873,7;0,21277
2019.03.01 14:22:00;3873,5;3873,7;3873,2;3873,7;0,11023
2019.03.01 14:23:00;3873,7;3874,5;3873,7;3874,5;0,0006
2019.03.01 14:24:00;3874,5;3874,5;3874,1;3874,1;0,0006
2019.03.01 14:25:00;3874,1;3874,7;3874,1;3874,5;0,00077
2019.03.01 14:26:00;3874,5;3876,1;3874,5;3876,1;0,04557
2019.03.01 14:27:00;3876,2;3876,6;3875,4;3875,8;0,3975
2019.03.01 14:28:00;3875,9;3875,9;3874,7;3875,4;0,4875
2019.03.01 14:29:00;3875,5;3876,8;3875,5;3876,1;0,3557
2019.03.01 14:30:00;3876;3876,5;3875,2;3875,3;0,3975
2019.03.01 14:31:00;3875,4;3875,6;3875;3875,5;0,24
2019.03.01 14:32:00;3875,6;3875,7;3875,4;3875,5;0,27
2019.03.01 14:33:00;3875,4;3875,7;3875,4;3875,6;0,24
2019.03.01 14:34:00;3875,7;3876,5;3875,2;3875,2;0,3375
2019.03.01 14:35:00;3875,3;3875,7;3875,3;3875,4;0,27
2019.03.01 14:36:00;3875,5;3875,7;3875,4;3875,7;0,105
2019.03.01 14:37:00;3875,6;3875,7;3875,3;3875,7;0,18
2019.03.01 14:38:00;3875,6;3876,1;3875,6;3876;0,3075
2019.03.01 14:39:00;3875,9;3876,7;3875,8;3876,7;0,33
2019.03.01 14:40:00;3876,6;3876,7;3876,2;3876,6;0,33
2019.03.01 14:41:00;3876,5;3876,6;3876,1;3876,4;0,24
2019.03.01 14:42:00;3876,3;3876,8;3876,2;3876,6;0,36
2019.03.01 14:43:00;3876,7;3877;3876,2;3876,6;0,2425
2019.03.01 14:44:00;3876,6;3876,8;3876,6;3876,7;0,105
2019.03.01 14:45:00;3877;3877,1;3876,6;3876,8;0,0875
2019.03.01 14:46:00;3876,7;3876,8;3876,6;3876,7;0,1425
2019.03.01 14:47:00;3876,8;3877,2;3876,7;3877,1;0,2175
2019.03.01 14:48:00;3877,2;3877,6;3877,2;3877,6;0,09008
2019.03.01 14:49:00;3877,6;3877,8;3877,6;3877,8;0,08017
2019.03.01 14:50:00;3877,9;3878;3877,8;3877,9;0,115
2019.03.01 14:51:00;3878;3878,1;3877,9;3877,9;0,1125
2019.03.01 14:52:00;3878;3878;3877,7;3877,9;0,1575
2019.03.01 14:53:00;3877,8;3878,1;3877,7;3878;0,1125
2019.03.01 14:54:00;3877,9;3878,3;3877,9;3878,2;0,0675
2019.03.01 14:55:00;3878,3;3878,9;3878,3;3878,7;0,14253
2019.03.01 14:56:00;3878,7;3878,8;3877,8;3878,1;0,17502
2019.03.01 14:57:00;3878,4;3879;3878;3879;0,135
2019.03.01 14:58:00;3879,1;3879,4;3878,8;3879;0,1425
2019.03.01 14:59:00;3879,1;3879,7;3879,1;3879,3;0,1225
2019.03.01 15:00:00;3879,2;3880,5;3879,2;3880,5;0,11755
2019.03.01 15:01:00;3880,7;3881,5;3880,7;3881,3;0,085
2019.03.01 15:02:00;3881,2;3881,5;3880,9;3881,4;0,135
2019.03.01 15:03:00;3881,3;3881,6;3881,1;3881,5;0,1225
2019.03.01 15:04:00;3881,4;3881,8;3881,4;3881,8;0,02315
2019.03.01 15:05:00;3881,8;3882,1;3881,8;3882,1;0,00042
2019.03.01 15:06:00;3882,1;3882,1;3878,8;3878,9;0,29788
2019.03.01 15:07:00;3879;3880,2;3879;3879,6;0,31507
2019.03.01 15:08:00;3879,7;3880,3;3879,7;3880,2;0,24
2019.03.01 15:09:00;3880;3880,6;3879,8;3880,3;0,37
2019.03.01 15:10:00;3880,2;3880,2;3878,6;3878,6;0,2475
2019.03.01 15:11:00;3878,5;3878,6;3878,2;3878,5;0,1875
2019.03.01 15:12:00;3878,6;3878,6;3878,3;3878,5;0,1425
2019.03.01 15:13:00;3878,5;3878,5;3876,3;3876,3;0,3425
2019.03.01 15:14:00;3876,2;3876,8;3875,7;3876,8;0,295
2019.03.01 15:15:00;3876,8;3877,2;3876;3876,4;0,5275
2019.03.01 15:16:00;3876,5;3877,4;3876,2;3876,9;0,285
2019.03.01 15:17:00;3877;3877,3;3876,2;3876,3;0,3225
2019.03.01 15:18:00;3876,5;3876,9;3876,4;3876,6;0,2325
2019.03.01 15:19:00;3876,7;3877,5;3876,7;3877,2;0,3001
2019.03.01 15:20:00;3877,1;3877,5;3877,1;3877,2;0,08503
2019.03.01 15:21:00;3877,3;3877,8;3877,3;3877,5;0,055
2019.03.01 15:22:00;3877,6;3877,6;3876,4;3876,4;0,165
2019.03.01 15:23:00;3876,4;3876,6;3876,1;3876,3;0,2325
2019.03.01 15:24:00;3876,4;3877,2;3876,4;3877,1;0,3525
2019.03.01 15:25:00;3877,2;3877,6;3877;3877,4;0,19
2019.03.01 15:26:00;3876,9;3876,9;3874,7;3875,2;0,2703
2019.03.01 15:27:00;3875,2;3875,7;3875,2;3875,7;0,0301
2019.03.01 15:28:00;3875,6;3875,8;3875,3;3875,5;0,12252
2019.03.01 15:29:00;3875,6;3875,8;3874,8;3874,8;0,1778
2019.03.01 15:30:00;3874,7;3875,1;3874,5;3875,1;0,2175
2019.03.01 15:31:00;3875,2;3875,8;3875,2;3875,7;0,10518
2019.03.01 15:32:00;3875,7;3875,7;3875,2;3875,2;0,08507
2019.03.01 15:33:00;3875,2;3875,6;3875;3875;0,0428
2019.03.01 15:34:00;3874,7;3874,9;3874,6;3874,9;0,0825
2019.03.01 15:35:00;3875;3875,5;3874,7;3875,3;0,0977
2019.03.01 15:36:00;3875,3;3875,8;3875,1;3875,8;0,1525
2019.03.01 15:37:00;3875,8;3875,9;3875,8;3875,9;0,02005
2019.03.01 15:38:00;3875,9;3876;3875,9;3876;0,00022
2019.03.01 15:39:00;3876;3876;3875,7;3875,8;0,10505
2019.03.01 15:40:00;3875,9;3876;3875,8;3876;0,11515
2019.03.01 15:41:00;3876;3876,5;3876;3876,5;0,00055
2019.03.01 15:42:00;3876,5;3876,5;3876,5;3876,5;0,0003
2019.03.01 15:43:00;3876,5;3876,5;3876,5;3876,5;0,0002
2019.03.01 15:44:00;3876,5;3876,5;3876,5;3876,5;0,0004
2019.03.01 15:45:00;3876,5;3876,5;3876,4;3876,5;0,00057
2019.03.01 15:46:00;3876,5;3876,8;3876,5;3876,7;0,07518
2019.03.01 15:47:00;3876,8;3877,1;3876,6;3876,8;0,2025
2019.03.01 15:48:00;3876,7;3877,2;3876,7;3876,9;0,195
2019.03.01 15:49:00;3877,3;3877,6;3877;3877,1;0,2425
2019.03.01 15:50:00;3877,1;3877,5;3877,1;3877,1;0,2775
2019.03.01 15:51:00;3877,2;3877,6;3876,5;3876,5;0,1976
2019.03.01 15:52:00;3876,5;3876,5;3875,7;3876,2;0,14563
2019.03.01 15:53:00;3875,8;3876,5;3875,7;3876,5;0,15255
2019.03.01 15:54:00;3876,5;3876,5;3876,5;3876,5;0,0004
2019.03.01 15:55:00;3876,5;3876,5;3876,5;3876,5;0,0006
2019.03.01 15:56:00;3876,5;3876,5;3875,9;3875,9;0,04038
2019.03.01 15:57:00;3875,5;3876;3874,6;3875;0,3075
2019.03.01 15:58:00;3875,1;3875,1;3874,2;3874,4;0,1575
2019.03.01 15:59:00;3874,5;3874,6;3874,1;3874,2;0,315
2019.03.01 16:00:00;3874,3;3875,4;3874,2;3875,4;0,225
2019.03.01 16:01:00;3875,3;3876,1;3875,3;3875,9;0,15518
2019.03.01 16:02:00;3876;3876,1;3875,5;3876,1;0,16262
2019.03.01 16:03:00;3876,1;3876,3;3876,1;3876,2;0,0426
2019.03.01 16:04:00;3876,2;3876,2;3875,9;3876,2;0,03505
2019.03.01 16:05:00;3876,1;3876,1;3876;3876,1;0,0225
2019.03.01 16:06:00;3876;3876,1;3874,5;3874,8;0,1725
2019.03.01 16:07:00;3874,7;3876,1;3874,7;3875,6;0,1725
2019.03.01 16:08:00;3875,7;3876,2;3874,7;3876,2;0,20777
2019.03.01 16:09:00;3876;3876,3;3875,5;3876,3;0,1202
2019.03.01 16:10:00;3876,3;3876,5;3876,3;3876,4;0,00075
2019.03.01 16:11:00;3876,4;3876,7;3876,4;3876,7;0,00025
2019.03.01 16:12:00;3876,7;3876,8;3876,7;3876,8;0,04063
2019.03.01 16:13:00;3876,9;3879,5;3876,9;3879,5;0,1734
2019.03.01 16:14:00;3879,5;3882,9;3879,3;3882,9;0,12118
2019.03.01 16:15:00;3883;3884,5;3882,4;3882,7;0,13683
2019.03.01 16:16:00;3882,6;3883,1;3882,2;3882,7;0,3026
2019.03.01 16:17:00;3882,8;3884,5;3882,3;3884,5;0,14805
2019.03.01 16:18:00;3884,5;3885,5;3884,5;3885,3;0,01885
2019.03.01 16:19:00;3885,2;3885,4;3885,2;3885,4;0,0652
2019.03.01 16:20:00;3885,4;3886,1;3885;3885,9;0,00143
2019.03.01 16:21:00;3885,9;3886;3885,8;3885,9;0,07573
2019.03.01 16:22:00;3885,8;3885,9;3884,8;3885,6;0,26043
2019.03.01 16:23:00;3885,6;3885,6;3882,3;3882,4;0,525
2019.03.01 16:24:00;3882,3;3882,3;3880,1;3881,5;0,5026
2019.03.01 16:25:00;3881,5;3883,5;3881,5;3883,5;0,0763
2019.03.01 16:26:00;3883,5;3883,9;3882,6;3882,8;0,1776
2019.03.01 16:27:00;3882,5;3884;3882,5;3884;0,04832
2019.03.01 16:28:00;3884;3885,2;3884;3885,2;0,0006
2019.03.01 16:29:00;3885,2;3885,2;3884,6;3884,6;0,02792
2019.03.01 16:30:00;3884,6;3884,6;3884,3;3884,3;0,10508
2019.03.01 16:31:00;3884,5;3884,9;3884,3;3884,9;0,15755
2019.03.01 16:32:00;3884,9;3884,9;3884,3;3884,5;0,12757
2019.03.01 16:33:00;3884,4;3884,4;3884;3884,1;0,0825
2019.03.01 16:34:00;3884,2;3884,5;3884,1;3884,5;0,105
2019.03.01 16:35:00;3884,6;3885,3;3884,6;3885,2;0,135
2019.03.01 16:36:00;3885,3;3885,4;3882,9;3883;0,25002
2019.03.01 16:37:00;3882,9;3883,5;3882,8;3883,5;0,12525
2019.03.01 16:38:00;3883,5;3884,2;3883,5;3884,2;0,02797
2019.03.01 16:39:00;3884,2;3884,2;3883,5;3883,5;0,02795
2019.03.01 16:40:00;3883,5;3883,7;3883,4;3883,7;0,01043
2019.03.01 16:41:00;3883,7;3883,7;3883,3;3883,3;0,01038
2019.03.01 16:42:00;3883,3;3884,8;3883,3;3884,8;0,00093
2019.03.01 16:43:00;3884,3;3885,6;3884,1;3885,2;0,01065
2019.03.01 16:44:00;3885,2;3886,6;3884,9;3886,6;0,0629
2019.03.01 16:45:00;3886,6;3888,1;3886,6;3888,1;0,01565
2019.03.01 16:46:00;3888,1;3889,1;3888,1;3888,5;0,18315
2019.03.01 16:47:00;3888,6;3891,1;3888,5;3891,1;0,19575
2019.03.01 16:48:00;3891,1;3892,7;3891,1;3892,5;0,00115
2019.03.01 16:49:00;3892,5;3893,3;3891,4;3891,7;0,07873
2019.03.01 16:50:00;3891,7;3893,4;3891,5;3893,4;0,106
2019.03.01 16:51:00;3893,4;3893,6;3892,4;3893,6;0,18798
2019.03.01 16:52:00;3893,6;3893,6;3892,7;3892,7;0,1457
2019.03.01 16:53:00;3892,5;3892,7;3889,1;3889,1;0,24
2019.03.01 16:54:00;3888,8;3890,4;3888,5;3888,6;0,32317
2019.03.01 16:55:00;3888,5;3888,6;3887,8;3888,6;0,37012
2019.03.01 16:56:00;3888,6;3888,6;3888,3;3888,3;0,20025
2019.03.01 16:57:00;3888,4;3889,1;3888,3;3889;0,133
2019.03.01 16:58:00;3888,9;3888,9;3887,2;3887,3;0,2754
2019.03.01 16:59:00;3887,2;3887,5;3887;3887,4;0,195
2019.03.01 17:00:00;3887,5;3888,2;3887,4;3887,6;0,18
2019.03.01 17:01:00;3887,7;3888,1;3887,6;3887,9;0,165
2019.03.01 17:02:00;3888;3889,8;3888;3889,8;0,07558
2019.03.01 17:03:00;3889,8;3889,8;3889,4;3889,6;0,03555
2019.03.01 17:04:00;3889,6;3889,6;3888,1;3888,2;0,0927
2019.03.01 17:05:00;3888,3;3889,2;3888,3;3888,9;0,20752
2019.03.01 17:06:00;3888,8;3888,9;3888,6;3888,7;0,1375
2019.03.01 17:07:00;3888,6;3888,6;3888;3888,4;0,16005
2019.03.01 17:08:00;3888,5;3888,6;3887,6;3888,6;0,08797
2019.03.01 17:09:00;3888,6;3888,9;3888,1;3888,9;0,1452
2019.03.01 17:10:00;3888,9;3888,9;3888,6;3888,9;0,05005
2019.03.01 17:11:00;3888,8;3888,9;3888,2;3888,3;0,13003
2019.03.01 17:12:00;3888,2;3888,5;3888;3888;0,0975
2019.03.01 17:13:00;3888,2;3888,7;3887,9;3888,7;0,2276
2019.03.01 17:14:00;3888,7;3889,7;3888,6;3889,2;0,1254
2019.03.01 17:15:00;3889,2;3893,8;3889,2;3893,8;0,04922
2019.03.01 17:16:00;3893,6;3894,8;3893,6;3893,6;0,00112
2019.03.01 17:17:00;3893,6;3894,3;3893,6;3894,3;0,0006
2019.03.01 17:18:00;3894,3;3894,3;3892,5;3892,5;0,12295
2019.03.01 17:19:00;3892,6;3893;3891,6;3893;0,07618
2019.03.01 17:20:00;3893,1;3893,9;3893,1;3893,9;0,00042
2019.03.01 17:21:00;3894;3894,5;3893,5;3893,5;0,00082
2019.03.01 17:22:00;3893,5;3894,2;3893,5;3894,2;0,00038
2019.03.01 17:23:00;3894,2;3894,4;3894,2;3894,4;0,00042
2019.03.01 17:24:00;3894,4;3898,6;3894,4;3898,6;0,00183
2019.03.01 17:25:00;3898,5;3898,5;3896,3;3896,4;0,25503
2019.03.01 17:26:00;3896,5;3898,1;3896,5;3896,9;0,28045
2019.03.01 17:27:00;3896,9;3900,6;3896,9;3900,5;0,00145
2019.03.01 17:28:00;3900,5;3900,5;3898,1;3898,1;0,2178
2019.03.01 17:29:00;3897,9;3898;3895,6;3895,6;0,31755
2019.03.01 17:30:00;3895,5;3897,7;3895,5;3897,7;0,1575
2019.03.01 17:31:00;3897,8;3898,1;3897,6;3898,1;0,06317
2019.03.01 17:32:00;3898,1;3898,6;3898,1;3898,6;0,07805
2019.03.01 17:33:00;3898,5;3899,1;3898,1;3899,1;0,14055
2019.03.01 17:34:00;3899,1;3899,8;3899,1;3899,6;0,04057
2019.03.01 17:35:00;3899,6;3899,6;3899,2;3899,6;0,0802
2019.03.01 17:36:00;3899,6;3901;3899,6;3899,8;0,0585
2019.03.01 17:37:00;3899,8;3900;3899,1;3899,2;0,1103
2019.03.01 17:38:00;3899,3;3899,4;3898,5;3898,8;0,21
2019.03.01 17:39:00;3898,9;3899,3;3898,9;3899,1;0,12
2019.03.01 17:40:00;3898,9;3899,5;3898,9;3899,4;0,12523
2019.03.01 17:41:00;3899,5;3899,7;3899,3;3899,5;0,1475
2019.03.01 17:42:00;3899,6;3900,5;3899,6;3900,5;0,11515
2019.03.01 17:43:00;3900,5;3901,1;3900;3901,1;0,0083
2019.03.01 17:44:00;3901,1;3901,1;3901;3901;0,00007
2019.03.01 17:45:00;3901;3903,3;3900,9;3903,3;0,00103
2019.03.01 17:46:00;3903,1;3903,1;3899,6;3899,6;0,435
2019.03.01 17:47:00;3899,7;3899,8;3899,4;3899,5;0,195
2019.03.01 17:48:00;3899,6;3899,7;3896;3896;0,2925
2019.03.01 17:49:00;3896,2;3898,6;3896,2;3898,4;0,2878
2019.03.01 17:50:00;3898,3;3898,5;3898,2;3898,2;0,135
2019.03.01 17:51:00;3898,3;3898,3;3896,7;3896,9;0,36
2019.03.01 17:52:00;3897;3897;3894,3;3894,5;0,42
2019.03.01 17:53:00;3894,7;3896,1;3894,6;3895,7;0,1605
2019.03.01 17:54:00;3895,7;3895,7;3894,2;3894,2;0,2028
2019.03.01 17:55:00;3894,1;3894,2;3892,2;3892,3;0,4125
2019.03.01 17:56:00;3892,4;3892,6;3892,2;3892,5;0,2325
2019.03.01 17:57:00;3892,6;3893,3;3892,6;3893,3;0,17012
2019.03.01 17:58:00;3893,3;3893,5;3893,2;3893,5;0,00035
2019.03.01 17:59:00;3893,5;3894,2;3893,5;3894,2;0,00075
2019.03.01 18:00:00;3894,2;3895,1;3894,2;3895,1;0,00072
2019.03.01 18:01:00;3895,1;3895,5;3891,4;3891,5;0,4901
2019.03.01 18:02:00;3891,4;3891,4;3890,7;3890,9;0,33
2019.03.01 18:03:00;3890,8;3891,2;3890,8;3891,1;0,1725
2019.03.01 18:04:00;3891,1;3892,6;3891,1;3892,5;0,20253
2019.03.01 18:05:00;3892,6;3892,9;3891,5;3892,4;0,2775
2019.03.01 18:06:00;3892,4;3892,7;3892;3892,4;0,405
2019.03.01 18:07:00;3892,4;3892,5;3891,7;3891,7;0,21
2019.03.01 18:08:00;3891,6;3892,5;3890,8;3890,8;0,33
2019.03.01 18:09:00;3890,8;3890,8;3885,3;3885,3;0,54
2019.03.01 18:10:00;3885,2;3887;3885;3886,1;0,4025
2019.03.01 18:11:00;3886;3886,7;3885,8;3886,3;0,2325
2019.03.01 18:12:00;3886,2;3887;3885,5;3887;0,37265
2019.03.01 18:13:00;3887;3888;3887;3888;0,0009
2019.03.01 18:14:00;3888;3888,8;3888;3888,8;0,0009
2019.03.01 18:15:00;3888,8;3890;3888,1;3890;0,02077
2019.03.01 18:16:00;3889,9;3890,1;3889,3;3890,1;0,22792
2019.03.01 18:17:00;3890,1;3890,6;3890,1;3890,6;0,00055
2019.03.01 18:18:00;3890,6;3892,1;3890,6;3892,1;0,01847
2019.03.01 18:19:00;3892,1;3894,3;3892,1;3893,3;0,0112
2019.03.01 18:20:00;3893,3;3895,7;3893,3;3895,4;0,0662
2019.03.01 18:21:00;3895,5;3895,6;3892,7;3892,8;0,33265
2019.03.01 18:22:00;3892,9;3894,7;3892,9;3894,7;0,0631
2019.03.01 18:23:00;3894,5;3895,9;3894,1;3895,4;0,29285
2019.03.01 18:24:00;3895,3;3895,3;3894;3894,4;0,235
2019.03.01 18:25:00;3894,5;3894,9;3894,3;3894,7;0,15
2019.03.01 18:26:00;3894,6;3895,8;3894,2;3895,2;0,21535
2019.03.01 18:27:00;3895,3;3895,3;3894;3894;0,2475
2019.03.01 18:28:00;3894,1;3894,1;3890;3890;0,26785
2019.03.01 18:29:00;3890;3890,4;3889,9;3890;0,0529
2019.03.01 18:30:00;3890;3890,3;3889,9;3890,3;0,0105
2019.03.01 18:31:00;3890,3;3890,9;3890,3;3890,7;0,02577
2019.03.01 18:32:00;3890,8;3890,9;3890,6;3890,9;0,10255
2019.03.01 18:33:00;3890,9;3892;3890,9;3891,7;0,15535
2019.03.01 18:34:00;3891,6;3892,4;3891,6;3892;0,25015
2019.03.01 18:35:00;3891,9;3892,7;3891,8;3892,6;0,22027
2019.03.01 18:36:00;3892,6;3893;3891,1;3891,1;0,22045
2019.03.01 18:37:00;3891,2;3892;3891,2;3891,8;0,2475
2019.03.01 18:38:00;3891,9;3892,1;3891,7;3892,1;0,135
2019.03.01 18:39:00;3892,2;3892,6;3892,2;3892,5;0,12252
2019.03.01 18:40:00;3892,7;3892,7;3892;3892,1;0,12757
2019.03.01 18:41:00;3892,2;3892,3;3892;3892,3;0,105
2019.03.01 18:42:00;3892,1;3892,5;3892,1;3892,4;0,0825
2019.03.01 18:43:00;3892,5;3892,7;3892,3;3892,7;0,16753
2019.03.01 18:44:00;3892,6;3893,5;3892,6;3893;0,0507
2019.03.01 18:45:00;3893;3893;3893;3893;0,00045
2019.03.01 18:46:00;3893;3893;3891,8;3892;0,14258
2019.03.01 18:47:00;3891,7;3891,7;3890,3;3891,4;0,4125
2019.03.01 18:48:00;3891,5;3892,4;3891,4;3891,7;0,3876
2019.03.01 18:49:00;3891,9;3892,7;3891,7;3892,5;0,4275
2019.03.01 18:50:00;3892,4;3892,7;3892,3;3892,4;0,3875
2019.03.01 18:51:00;3892,4;3892,5;3891,4;3891,5;0,39
2019.03.01 18:52:00;3891,4;3892,3;3891,4;3891,9;0,16
2019.03.01 18:53:00;3892,1;3892,1;3891,5;3892;0,12
2019.03.01 18:54:00;3891,9;3893,1;3891,8;3893;0,24538
2019.03.01 18:55:00;3892,7;3892,7;3891,9;3892,6;0,3225
2019.03.01 18:56:00;3892,5;3893;3892,4;3892,7;0,0975
2019.03.01 18:57:00;3892,5;3892,9;3892,5;3892,8;0,0825
2019.03.01 18:58:00;3892,7;3892,8;3892,6;3892,8;0,04007
2019.03.01 18:59:00;3892,8;3893,5;3892,8;3893,4;0,00155
2019.03.01 19:00:00;3893,4;3893,8;3893,2;3893,2;0,13082
2019.03.01 19:01:00;3893,2;3894,1;3892,8;3893,4;0,05582
2019.03.01 19:02:00;3893,4;3893,8;3893,4;3893,8;0,00032
2019.03.01 19:03:00;3893,8;3894,2;3893,8;3893,8;0,00075
2019.03.01 19:04:00;3893,8;3895;3893,8;3894,9;0,04775
2019.03.01 19:05:00;3895;3895;3892,8;3892,8;0,1879
2019.03.01 19:06:00;3892,7;3892,8;3892,5;3892,6;0,135
2019.03.01 19:07:00;3892,8;3893,9;3892,7;3893,4;0,25262
2019.03.01 19:08:00;3893,3;3895;3893,3;3894,3;0,57012
2019.03.01 19:09:00;3894,4;3894,9;3892,9;3894,5;0,3526
2019.03.01 19:10:00;3894,6;3894,6;3891,5;3893;0,5026
2019.03.01 19:11:00;3893,1;3893,1;3890,5;3891,1;0,43505
2019.03.01 19:12:00;3891;3892,9;3891;3892,9;0,18265
2019.03.01 19:13:00;3892,9;3893;3892,2;3892,2;0,1252
2019.03.01 19:14:00;3892,3;3892,8;3892,1;3892,6;0,18502
2019.03.01 19:15:00;3892,6;3892,7;3891,7;3891,7;0,1877
2019.03.01 19:16:00;3891,7;3892,1;3891,6;3891,7;0,02795
2019.03.01 19:17:00;3891,7;3892,7;3891,7;3892,3;0,12782
2019.03.01 19:18:00;3892,3;3892,3;3891,8;3892;0,1225
2019.03.01 19:19:00;3892,1;3892,1;3891,7;3891,7;0,08783
2019.03.01 19:20:00;3891,6;3891,7;3891,4;3891,6;0,1275
2019.03.01 19:21:00;3891,6;3892;3891,6;3892;0,06767
2019.03.01 19:22:00;3892;3892,1;3891,4;3891,9;0,03095
2019.03.01 19:23:00;3891,9;3892;3891,5;3892;0,02587
2019.03.01 19:24:00;3892;3892;3891,9;3892;0,00042
2019.03.01 19:25:00;3892,1;3892,1;3892,1;3892,1;0,00025
2019.03.01 19:26:00;3892,4;3892,4;3891,8;3892,1;0,13007
2019.03.01 19:27:00;3892,3;3892,7;3892;3892,1;0,08513
2019.03.01 19:28:00;3892,2;3892,2;3892,2;3892,2;0,00003
2019.03.01 19:29:00;3891,9;3891,9;3891,4;3891,9;0,08507
2019.03.01 19:30:00;3891,8;3892;3891,6;3891,7;0,12268
2019.03.01 19:31:00;3891,8;3891,8;3891,6;3891,6;0,1226
2019.03.01 19:32:00;3891,8;3891,9;3891,6;3891,8;0,08768
2019.03.01 19:33:00;3891,8;3892,4;3891,8;3891,8;0,06765
2019.03.01 19:34:00;3891,8;3891,8;3891,2;3891,3;0,02527
2019.03.01 19:35:00;3891,3;3891,3;3890,6;3890,8;0,00065
2019.03.01 19:36:00;3890,8;3891,2;3890,5;3891,2;0,00082
2019.03.01 19:37:00;3891,2;3892;3891;3891,9;0,0008
2019.03.01 19:38:00;3891,9;3891,9;3891,2;3891,4;0,00077
2019.03.01 19:39:00;3891,7;3891,9;3891,4;3891,9;0,00035
2019.03.01 19:40:00;3891,8;3891,9;3891,1;3891,4;0,00065
2019.03.01 19:41:00;3891,4;3891,4;3891,1;3891,1;0,01785
2019.03.01 19:42:00;3891,2;3891,2;3890,8;3890,8;0,05045
2019.03.01 19:43:00;3890,8;3891,3;3890,8;3890,9;0,0003
2019.03.01 19:44:00;3890,8;3890,9;3890,6;3890,7;0,00057
2019.03.01 19:45:00;3890,6;3891,5;3890,6;3891,4;0,00797
2019.03.01 19:46:00;3891,3;3891,3;3890,1;3890,4;0,1152
2019.03.01 19:47:00;3890,4;3890,4;3890,1;3890,2;0,11278
2019.03.01 19:48:00;3890,3;3890,7;3890;3890,5;0,01087
2019.03.01 19:49:00;3890,5;3890,5;3890;3890;0,00088
2019.03.01 19:50:00;3890;3890;3889,5;3889,8;0,1103
2019.03.01 19:51:00;3889,8;3890;3889,8;3890;0,00038
2019.03.01 19:52:00;3890;3890;3890;3890;0,00042
2019.03.01 19:53:00;3890;3890;3889,6;3889,7;0,09563
2019.03.01 19:54:00;3889,7;3889,9;3889,4;3889,4;0,00065
2019.03.01 19:55:00;3889,4;3889,9;3889,4;3889,4;0,03558
2019.03.01 19:56:00;3889,4;3889,9;3889,4;3889,7;0,12823
2019.03.01 19:57:00;3889,6;3890;3888,9;3889,3;0,28053
2019.03.01 19:58:00;3889,5;3889,5;3889,1;3889,5;0,23275
2019.03.01 19:59:00;3889,3;3889,4;3888,4;3889,1;0,285
2019.03.01 20:00:00;3889,3;3889,4;3887,9;3888,1;0,22262
2019.03.01 20:01:00;3888;3888,7;3888;3888,7;0,135
2019.03.01 20:02:00;3888,6;3888,7;3888,2;3888,2;0,12
2019.03.01 20:03:00;3888,2;3888,7;3887,1;3888,6;0,255
2019.03.01 20:04:00;3888,7;3889,1;3888;3888;0,3525
2019.03.01 20:05:00;3887,9;3887,9;3886,5;3887;0,2925
2019.03.01 20:06:00;3887,2;3889,3;3887,2;3888,6;0,18535
2019.03.01 20:07:00;3888,6;3889,5;3888,6;3889,5;0,07055
2019.03.01 20:08:00;3889,3;3889,6;3888,8;3888,8;0,16505
2019.03.01 20:09:00;3888,8;3888,8;3887,9;3888,1;0,11027
2019.03.01 20:10:00;3887,8;3888,6;3887,8;3888,1;0,07773
2019.03.01 20:11:00;3888,1;3888,1;3887,8;3887,9;0,02768
2019.03.01 20:12:00;3888;3888,1;3887,8;3888,1;0,05325
2019.03.01 20:13:00;3888,1;3888,3;3888,1;3888,2;0,0381
2019.03.01 20:14:00;3888,2;3889,2;3888;3888;0,0683
2019.03.01 20:15:00;3888,1;3888,4;3887,9;3888;0,09
2019.03.01 20:16:00;3888;3890;3888;3890;0,1586
2019.03.01 20:17:00;3890;3890;3888,7;3889;0,21757
2019.03.01 20:18:00;3889;3889,6;3888,2;3889,6;0,2925
2019.03.01 20:19:00;3889,4;3889,4;3888,5;3889,4;0,2478
2019.03.01 20:20:00;3889,4;3890,1;3889,4;3889,4;0,0928
2019.03.01 20:21:00;3889,5;3890,3;3889,5;3890,1;0,04288
2019.03.01 20:22:00;3890,1;3890,5;3890,1;3890,5;0,00052
2019.03.01 20:23:00;3890,5;3891,4;3890,5;3891,3;0,0012
2019.03.01 20:24:00;3891,3;3891,7;3890,8;3890,8;0,00103
2019.03.01 20:25:00;3890,8;3891,5;3890,8;3891,3;0,00833
2019.03.01 20:26:00;3891,3;3891,4;3891;3891,4;0,0334
2019.03.01 20:27:00;3891,4;3891,4;3891;3891,1;0,00093
2019.03.01 20:28:00;3891,1;3891,3;3890,6;3891,2;0,12812
2019.03.01 20:29:00;3891,3;3891,3;3891;3891;0,0531
2019.03.01 20:30:00;3890,9;3891;3890,7;3890,8;0,14253
2019.03.01 20:31:00;3890,9;3891;3890,5;3890,5;0,13003
2019.03.01 20:32:00;3890,4;3890,9;3890;3890,7;0,1275
2019.03.01 20:33:00;3890,9;3890,9;3890,3;3890,5;0,14253
2019.03.01 20:34:00;3890,6;3891,2;3890,6;3890,8;0,195
2019.03.01 20:35:00;3890,7;3890,8;3889,8;3889,8;0,1725
2019.03.01 20:36:00;3889,5;3889,8;3889,5;3889,8;0,0525
2019.03.01 20:37:00;3889,9;3891,2;3889,8;3891,2;0,20267
2019.03.01 20:38:00;3891,2;3891,2;3889,6;3890,4;0,23258
2019.03.01 20:39:00;3890,5;3890,5;3889,7;3889,9;0,1575
2019.03.01 20:40:00;3890;3890,3;3889,6;3890;0,0975
2019.03.01 20:41:00;3890,1;3890,4;3888,9;3888,9;0,1725
2019.03.01 20:42:00;3889,2;3889,2;3888,7;3889,1;0,0825
2019.03.01 20:43:00;3888,9;3889;3888,6;3888,9;0,075
2019.03.01 20:44:00;3889;3889,4;3888,9;3889,4;0,1125
2019.03.01 20:45:00;3889,4;3889,4;3889,1;3889,3;0,0476
2019.03.01 20:46:00;3889,3;3889,4;3889,3;3889,4;0,0003
2019.03.01 20:47:00;3889,4;3889,4;3888,9;3888,9;0,03528
2019.03.01 20:48:00;3888,9;3889,3;3888,9;3889,2;0,00042
2019.03.01 20:49:00;3889,2;3889,6;3889,2;3889,6;0,0003
2019.03.01 20:50:00;3889,6;3889,6;3889,6;3889,6;0,00015
2019.03.01 20:51:00;3889,6;3889,6;3889,3;3889,6;0,0928
2019.03.01 20:52:00;3889,4;3889,4;3889,2;3889,2;0,00022
2019.03.01 20:53:00;3889,2;3889,4;3889,1;3889,1;0,01515
2019.03.01 20:54:00;3889,3;3889,3;3888,8;3888,8;0,02757
2019.03.01 20:55:00;3888,8;3888,8;3888,8;3888,8;0,00017
2019.03.01 20:56:00;3888,8;3889,3;3888,7;3888,9;0,1153
2019.03.01 20:57:00;3888,9;3889,6;3888,9;3889,6;0,00047
2019.03.01 20:58:00;3889,6;3889,6;3888,7;3888,7;0,0676
2019.03.01 20:59:00;3888,6;3888,7;3888,4;3888,4;0,07258
2019.03.01 21:00:00;3888,4;3888,4;3886,9;3886,9;0,22503
2019.03.01 21:01:00;3886,8;3888,2;3886,7;3888,2;0,1651
2019.03.01 21:02:00;3888,2;3888,5;3887,3;3888;0,13508
2019.03.01 21:03:00;3887,9;3887,9;3886,5;3887,3;0,2025
2019.03.01 21:04:00;3887,2;3887,2;3886,8;3886,9;0,09
2019.03.01 21:05:00;3887;3887,4;3887;3887,4;0,08007
2019.03.01 21:06:00;3887,4;3887,6;3887,4;3887,6;0,03002
2019.03.01 21:07:00;3887,5;3887,8;3887,5;3887,8;0,0575
2019.03.01 21:08:00;3887,8;3889,3;3887,5;3888;0,28027
2019.03.01 21:09:00;3887,7;3889,4;3887,7;3889,4;0,1506
2019.03.01 21:10:00;3889,8;3890,1;3889,8;3890,1;0,0006
2019.03.01 21:11:00;3890,1;3890,5;3890,1;3890,5;0,00093
2019.03.01 21:12:00;3890,5;3890,5;3889,8;3890,4;0,0456
2019.03.01 21:13:00;3890,4;3890,4;3890,3;3890,4;0,0003
2019.03.01 21:14:00;3890,4;3890,4;3888,7;3889,4;0,21525
2019.03.01 21:15:00;3889,3;3890,4;3889,3;3889,3;0,1802
2019.03.01 21:16:00;3889,4;3890,8;3889,3;3890,6;0,12812
2019.03.01 21:17:00;3890,6;3890,6;3890,2;3890,4;0,06552
2019.03.01 21:18:00;3890,4;3891,2;3890,4;3890,6;0,13767
2019.03.01 21:19:00;3890,7;3890,9;3889,5;3890,9;0,21755
2019.03.01 21:20:00;3890,9;3890,9;3889,9;3890,6;0,16015
2019.03.01 21:21:00;3890,7;3890,7;3890,5;3890,5;0,07505
2019.03.01 21:22:00;3890,5;3890,7;3890,5;3890,7;0,01027
2019.03.01 21:23:00;3890,7;3890,7;3890,6;3890,6;0,00038
2019.03.01 21:24:00;3890,6;3890,7;3890,6;3890,6;0,00022
2019.03.01 21:25:00;3890,6;3890,9;3890,6;3890,9;0,0007
2019.03.01 21:26:00;3890,9;3891,1;3890,9;3891,1;0,00047
2019.03.01 21:27:00;3891,1;3891,1;3891;3891;0,00022
2019.03.01 21:28:00;3891;3891;3891;3891;0,00013
2019.03.01 21:29:00;3891;3891;3890,4;3890,4;0,04562
2019.03.01 21:30:00;3890,4;3890,6;3890,4;3890,6;0,00055
2019.03.01 21:31:00;3890,6;3890,6;3890,6;3890,6;0,00065
2019.03.01 21:32:00;3890,9;3891;3890,5;3890,5;0,00057
2019.03.01 21:33:00;3890,5;3890,7;3890,5;3890,6;0,00028
2019.03.01 21:34:00;3890,5;3890,5;3889,2;3889,2;0,00057
2019.03.01 21:35:00;3889,2;3889,6;3889,2;3889,2;0,02067
2019.03.01 21:36:00;3889,2;3889,2;3888,1;3888,7;0,25252
2019.03.01 21:37:00;3888,7;3890;3888,5;3888,5;0,2451
2019.03.01 21:38:00;3888,5;3889,2;3888,5;3888,9;0,2025
2019.03.01 21:39:00;3888,8;3890,1;3888,7;3890,1;0,09773
2019.03.01 21:40:00;3890,1;3890,5;3890,1;3890,5;0,00028
2019.03.01 21:41:00;3890,5;3890,8;3890,5;3890,8;0,0003
2019.03.01 21:42:00;3890,8;3890,8;3889,6;3889,8;0,0009
2019.03.01 21:43:00;3889,8;3890,2;3889,8;3889,9;0,02538
2019.03.01 21:44:00;3890,1;3890,1;3889,3;3889,6;0,0455
2019.03.01 21:45:00;3889,6;3889,8;3889,1;3889,7;0,0011
2019.03.01 21:46:00;3889,7;3890,9;3889,7;3890,2;0,02365
2019.03.01 21:47:00;3890,2;3892;3890,1;3891,3;0,18238
2019.03.01 21:48:00;3891,3;3891,9;3890,7;3891,1;0,44155
2019.03.01 21:49:00;3890,7;3891,3;3890,4;3890,4;0,73567
2019.03.01 21:50:00;3890,5;3891,2;3889,8;3890,7;0,49573
2019.03.01 21:51:00;3890,8;3890,8;3890,3;3890,7;0,27287
2019.03.01 21:52:00;3890,4;3891;3890,4;3890,8;0,0386
2019.03.01 21:53:00;3890,7;3890,8;3889,8;3889,8;0,3075
2019.03.01 21:54:00;3889,8;3890,1;3888,8;3889,6;0,2281
2019.03.01 21:55:00;3889,3;3890;3889,2;3890;0,31765
2019.03.01 21:56:00;3889,8;3890;3889,2;3889,4;0,315
2019.03.01 21:57:00;3889,8;3889,9;3889,1;3889,2;0,1854
2019.03.01 21:58:00;3889,3;3890,5;3889,2;3889,4;0,14625
2019.03.01 21:59:00;3889,4;3889,5;3888,6;3888,9;0,14
2019.03.01 22:00:00;3888,9;3888,9;3888,9;3888,9;0
2019.03.01 22:01:00;3888,9;3888,9;3888,9;3888,9;0
2019.03.01 22:02:00;3888,9;3888,9;3888,9;3888,9;0
2019.03.01 22:03:00;3888,9;3888,9;3888,9;3888,9;0
2019.03.01 22:04:00;3888,9;3888,9;3888,9;3888,9;0
2019.03.01 22:05:00;3888,9;3888,9;3888,9;3888,9;0
2019.03.01 22:06:00;3888,9;3888,9;3888,9;3888,9;0
2019.03.01 22:07:00;3888,9;3888,9;3888,9;3888,9;0
2019.03.01 22:08:00;3888,9;3888,9;3888,9;3888,9;0
2019.03.01 22:09:00;3888,9;3888,9;3888,9;3888,9;0
2019.03.01 22:10:00;3888,9;3888,9;3888,9;3888,9;0
2019.03.01 22:11:00;3888,9;3888,9;3888,9;3888,9;0
2019.03.01 22:12:00;3888,9;3888,9;3888,9;3888,9;0
2019.03.01 22:13:00;3888,9;3888,9;3888,9;3888,9;0
2019.03.01 22:14:00;3888,9;3888,9;3888,9;3888,9;0
2019.03.01 22:15:00;3888,9;3888,9;3888,9;3888,9;0
2019.03.01 22:16:00;3888,9;3888,9;3888,9;3888,9;0
2019.03.01 22:17:00;3888,9;3888,9;3888,9;3888,9;0
2019.03.01 22:18:00;3888,9;3888,9;3888,9;3888,9;0
2019.03.01 22:19:00;3888,9;3888,9;3888,9;3888,9;0
2019.03.01 22:20:00;3888,9;3888,9;3888,9;3888,9;0
2019.03.01 22:21:00;3888,9;3888,9;3888,9;3888,9;0
2019.03.01 22:22:00;3888,9;3888,9;3888,9;3888,9;0
2019.03.01 22:23:00;3888,9;3888,9;3888,9;3888,9;0
2019.03.01 22:24:00;3888,9;3888,9;3888,9;3888,9;0
2019.03.01 22:25:00;3888,9;3888,9;3888,9;3888,9;0
2019.03.01 22:26:00;3888,9;3888,9;3888,9;3888,9;0
2019.03.01 22:27:00;3888,9;3888,9;3888,9;3888,9;0
2019.03.01 22:28:00;3888,9;3888,9;3888,9;3888,9;0
2019.03.01 22:29:00;3888,9;3888,9;3888,9;3888,9;0
2019.03.01 22:30:00;3888,9;3888,9;3888,9;3888,9;0
2019.03.01 22:31:00;3888,9;3888,9;3888,9;3888,9;0
2019.03.01 22:32:00;3888,9;3888,9;3888,9;3888,9;0
2019.03.01 22:33:00;3888,9;3888,9;3888,9;3888,9;0
2019.03.01 22:34:00;3888,9;3888,9;3888,9;3888,9;0
2019.03.01 22:35:00;3888,9;3888,9;3888,9;3888,9;0
2019.03.01 22:36:00;3888,9;3888,9;3888,9;3888,9;0
2019.03.01 22:37:00;3888,9;3888,9;3888,9;3888,9;0
2019.03.01 22:38:00;3888,9;3888,9;3888,9;3888,9;0
2019.03.01 22:39:00;3888,9;3888,9;3888,9;3888,9;0
2019.03.01 22:40:00;3888,9;3888,9;3888,9;3888,9;0
2019.03.01 22:41:00;3888,9;3888,9;3888,9;3888,9;0
2019.03.01 22:42:00;3888,9;3888,9;3888,9;3888,9;0
2019.03.01 22:43:00;3888,9;3888,9;3888,9;3888,9;0
2019.03.01 22:44:00;3888,9;3888,9;3888,9;3888,9;0
2019.03.01 22:45:00;3888,9;3888,9;3888,9;3888,9;0
2019.03.01 22:46:00;3888,9;3888,9;3888,9;3888,9;0
2019.03.01 22:47:00;3888,9;3888,9;3888,9;3888,9;0
2019.03.01 22:48:00;3888,9;3888,9;3888,9;3888,9;0
2019.03.01 22:49:00;3888,9;3888,9;3888,9;3888,9;0
2019.03.01 22:50:00;3888,9;3888,9;3888,9;3888,9;0
2019.03.01 22:51:00;3888,9;3888,9;3888,9;3888,9;0
2019.03.01 22:52:00;3888,9;3888,9;3888,9;3888,9;0
2019.03.01 22:53:00;3888,9;3888,9;3888,9;3888,9;0
2019.03.01 22:54:00;3888,9;3888,9;3888,9;3888,9;0
2019.03.01 22:55:00;3888,9;3888,9;3888,9;3888,9;0
2019.03.01 22:56:00;3888,9;3888,9;3888,9;3888,9;0
2019.03.01 22:57:00;3888,9;3888,9;3888,9;3888,9;0
2019.03.01 22:58:00;3888,9;3888,9;3888,9;3888,9;0
2019.03.01 22:59:00;3888,9;3888,9;3888,9;3888,9;0
2019.03.01 23:00:00;3888,9;3888,9;3888,9;3888,9;0
2019.03.01 23:01:00;3888,9;3888,9;3888,9;3888,9;0
2019.03.01 23:02:00;3888,9;3888,9;3888,9;3888,9;0
2019.03.01 23:03:00;3888,9;3888,9;3888,9;3888,9;0
2019.03.01 23:04:00;3888,9;3888,9;3888,9;3888,9;0
2019.03.01 23:05:00;3888,9;3888,9;3888,9;3888,9;0
2019.03.01 23:06:00;3888,9;3888,9;3888,9;3888,9;0
2019.03.01 23:07:00;3888,9;3888,9;3888,9;3888,9;0
2019.03.01 23:08:00;3888,9;3888,9;3888,9;3888,9;0
2019.03.01 23:09:00;3888,9;3888,9;3888,9;3888,9;0
2019.03.01 23:10:00;3888,9;3888,9;3888,9;3888,9;0
2019.03.01 23:11:00;3888,9;3888,9;3888,9;3888,9;0
2019.03.01 23:12:00;3888,9;3888,9;3888,9;3888,9;0
2019.03.01 23:13:00;3888,9;3888,9;3888,9;3888,9;0
2019.03.01 23:14:00;3888,9;3888,9;3888,9;3888,9;0
2019.03.01 23:15:00;3888,9;3888,9;3888,9;3888,9;0
2019.03.01 23:16:00;3888,9;3888,9;3888,9;3888,9;0
2019.03.01 23:17:00;3888,9;3888,9;3888,9;3888,9;0
2019.03.01 23:18:00;3888,9;3888,9;3888,9;3888,9;0
2019.03.01 23:19:00;3888,9;3888,9;3888,9;3888,9;0
2019.03.01 23:20:00;3888,9;3888,9;3888,9;3888,9;0
2019.03.01 23:21:00;3888,9;3888,9;3888,9;3888,9;0
2019.03.01 23:22:00;3888,9;3888,9;3888,9;3888,9;0
2019.03.01 23:23:00;3888,9;3888,9;3888,9;3888,9;0
2019.03.01 23:24:00;3888,9;3888,9;3888,9;3888,9;0
2019.03.01 23:25:00;3888,9;3888,9;3888,9;3888,9;0
2019.03.01 23:26:00;3888,9;3888,9;3888,9;3888,9;0
2019.03.01 23:27:00;3888,9;3888,9;3888,9;3888,9;0
2019.03.01 23:28:00;3888,9;3888,9;3888,9;3888,9;0
2019.03.01 23:29:00;3888,9;3888,9;3888,9;3888,9;0
2019.03.01 23:30:00;3888,9;3888,9;3888,9;3888,9;0
2019.03.01 23:31:00;3888,9;3888,9;3888,9;3888,9;0
2019.03.01 23:32:00;3888,9;3888,9;3888,9;3888,9;0
2019.03.01 23:33:00;3888,9;3888,9;3888,9;3888,9;0
2019.03.01 23:34:00;3888,9;3888,9;3888,9;3888,9;0
2019.03.01 23:35:00;3888,9;3888,9;3888,9;3888,9;0
2019.03.01 23:36:00;3888,9;3888,9;3888,9;3888,9;0
2019.03.01 23:37:00;3888,9;3888,9;3888,9;3888,9;0
2019.03.01 23:38:00;3888,9;3888,9;3888,9;3888,9;0
2019.03.01 23:39:00;3888,9;3888,9;3888,9;3888,9;0
2019.03.01 23:40:00;3888,9;3888,9;3888,9;3888,9;0
2019.03.01 23:41:00;3888,9;3888,9;3888,9;3888,9;0
2019.03.01 23:42:00;3888,9;3888,9;3888,9;3888,9;0
2019.03.01 23:43:00;3888,9;3888,9;3888,9;3888,9;0
2019.03.01 23:44:00;3888,9;3888,9;3888,9;3888,9;0
2019.03.01 23:45:00;3888,9;3888,9;3888,9;3888,9;0
2019.03.01 23:46:00;3888,9;3888,9;3888,9;3888,9;0
2019.03.01 23:47:00;3888,9;3888,9;3888,9;3888,9;0
2019.03.01 23:48:00;3888,9;3888,9;3888,9;3888,9;0
2019.03.01 23:49:00;3888,9;3888,9;3888,9;3888,9;0
2019.03.01 23:50:00;3888,9;3888,9;3888,9;3888,9;0
2019.03.01 23:51:00;3888,9;3888,9;3888,9;3888,9;0
2019.03.01 23:52:00;3888,9;3888,9;3888,9;3888,9;0
2019.03.01 23:53:00;3888,9;3888,9;3888,9;3888,9;0
2019.03.01 23:54:00;3888,9;3888,9;3888,9;3888,9;0
2019.03.01 23:55:00;3888,9;3888,9;3888,9;3888,9;0
2019.03.01 23:56:00;3888,9;3888,9;3888,9;3888,9;0
2019.03.01 23:57:00;3888,9;3888,9;3888,9;3888,9;0
2019.03.01 23:58:00;3888,9;3888,9;3888,9;3888,9;0
2019.03.01 23:59:00;3888,9;3888,9;3888,9;3888,9;0
