0.23525000000000001;3792.55;3791.15;3791.5;3791.95
0.3343;3793.6499999999996;3791.9;3791.9;3792.9
0.10125;3793.3999999999996;3792.75;3792.8;3793.0
0.056;3793.1499999999996;3792.8500000000004;3792.95;3792.9
0.0787;3793.75;3793.0;3793.0;3793.75
0.15045;3794.25;3793.3;3793.65;3794.0
0.17045000000000002;3794.5;3793.7;3794.05;3794.15
0.14395;3795.05;3794.1000000000004;3794.1000000000004;3794.8999999999996
0.0675;3795.45;3795.0;3795.0;3795.45
0.05885;3795.95;3795.5;3795.5;3795.8500000000004
0.04855;3796.35;3795.75;3795.9;3796.2
0.08020000000000001;3796.3;3796.1499999999996;3796.25;3796.25
0.0935;3796.3;3796.1;3796.2;3796.2
0.035;3796.1;3795.45;3796.1;3795.6
0.11;3795.8;3795.5;3795.55;3795.7
0.07114999999999999;3796.3;3795.7;3795.75;3796.05
0.1238;3796.65;3796.05;3796.1000000000004;3796.6000000000004
0.14035;3796.95;3796.6000000000004;3796.65;3796.75
0.1554;3796.8999999999996;3796.55;3796.7;3796.75
0.11;3797.15;3796.75;3796.8;3797.0
0.06515;3797.25;3796.8;3797.1000000000004;3796.8
0.050100000000000006;3797.25;3796.75;3796.75;3797.2
0.19535000000000002;3797.6;3796.9;3797.25;3797.45
0.1164;3797.6;3797.15;3797.55;3797.3
0.055;3797.5;3797.25;3797.4;3797.3
0.0552;3797.65;3797.2;3797.4;3797.5
0.0787;3798.0;3797.5;3797.55;3797.9
0.041100000000000005;3798.2;3797.75;3797.95;3798.2
0.0001;3798.25;3797.85;3798.15;3798.1499999999996
0.05;3798.5;3798.05;3798.2;3798.3
0.09525;3798.3500000000004;3797.3999999999996;3798.2;3797.6000000000004
0.055150000000000005;3797.8999999999996;3797.4;3797.65;3797.4
0.1365;3799.4;3797.35;3797.65;3799.35
0.22924999999999998;3799.55;3797.65;3799.25;3799.0
0.11;3799.0;3797.8999999999996;3798.95;3797.8999999999996
0.0751;3797.95;3797.6499999999996;3797.95;3797.85
0.05475;3797.75;3797.6;3797.7;3797.75
0.06765;3798.1000000000004;3797.75;3797.8;3797.95
0.11900000000000001;3798.75;3798.0;3798.0;3798.6
0.2653;3798.95;3798.3500000000004;3798.55;3798.95
0.15760000000000002;3799.1000000000004;3797.75;3799.0;3797.8500000000004
0.0787;3798.3;3797.7;3798.1000000000004;3798.0
0.09995;3798.7;3797.8;3798.05;3798.3
0.08745;3798.5;3797.75;3798.25;3797.8
0.0938;3797.8500000000004;3797.55;3797.65;3797.7
0.131;3797.65;3796.75;3797.6000000000004;3797.05
0.0862;3797.45;3797.05;3797.1499999999996;3797.2
5e-05;3797.25;3797.1000000000004;3797.25;3797.1000000000004
5e-05;3797.3;3797.05;3797.05;3797.3
0.10010000000000001;3797.6499999999996;3797.2;3797.25;3797.6
0.09515;3798.1;3797.5;3797.6499999999996;3798.05
0.08395;3798.3500000000004;3797.6;3798.1;3797.65
0.11275;3798.05;3797.3500000000004;3797.8;3797.3500000000004
0.016;3797.3;3797.2;3797.3;3797.2
0.0826;3797.4;3796.65;3797.15;3796.95
0.0363;3797.55;3797.0;3797.05;3797.5
0.1875;3797.55;3796.1000000000004;3797.55;3796.15
0.131;3796.55;3796.05;3796.25;3796.3
0.14035;3796.35;3795.95;3796.35;3796.25
0.15535;3796.25;3794.75;3796.2;3794.95
0.19155;3795.35;3794.9;3795.0;3794.95
0.0848;3795.05;3794.8;3794.9;3795.0
0.16265000000000002;3795.05;3794.1;3794.95;3794.3
0.11900000000000001;3794.6;3793.7;3794.4;3794.6
0.08020000000000001;3794.95;3794.45;3794.55;3794.5
0.10035000000000001;3794.45;3793.35;3794.45;3793.3999999999996
0.0502;3793.8999999999996;3793.25;3793.45;3793.6499999999996
0.07515;3795.0;3793.75;3793.75;3795.0
0.05975;3795.35;3794.7;3795.05;3794.75
0.020050000000000002;3794.75;3794.7;3794.7;3794.75
0.050100000000000006;3794.7;3794.15;3794.7;3794.3
0.05385;3794.25;3793.2;3794.25;3793.9
0.041100000000000005;3794.05;3793.7;3793.8500000000004;3794.05
0.0051;3794.35;3793.95;3794.0;3794.25
0.0848;3794.6000000000004;3794.1499999999996;3794.2;3794.5
0.07114999999999999;3794.45;3794.05;3794.45;3794.2
0.048600000000000004;3794.2;3793.85;3794.1000000000004;3793.85
0.03355;3794.0;3793.8;3793.8;3794.0
0.0185;3794.15;3794.0;3794.1000000000004;3794.05
0.0001;3794.05;3793.05;3794.0;3793.05
0.0935;3793.5;3792.6;3793.35;3792.7
0.09525;3793.35;3792.6000000000004;3792.65;3793.3
0.056;3793.3999999999996;3793.1499999999996;3793.25;3793.3
0.0601;3793.6;3793.15;3793.35;3793.5
0.0635;3793.6;3793.3500000000004;3793.55;3793.45
0.0523;3793.6;3793.3500000000004;3793.55;3793.3500000000004
0.08875;3793.6;3793.3500000000004;3793.4;3793.6
0.09505;3793.8500000000004;3793.2;3793.7;3793.6
0.11879999999999999;3793.9;3793.3;3793.55;3793.5
0.07114999999999999;3793.6;3793.3999999999996;3793.3999999999996;3793.5
0.131;3793.6499999999996;3793.05;3793.35;3793.6499999999996
0.19645;3795.55;3793.5;3793.5;3795.4
0.14145;3797.4;3795.45;3795.45;3797.4
0.14535;3797.1000000000004;3796.3;3797.1000000000004;3796.65
0.060050000000000006;3797.1000000000004;3796.65;3796.7;3797.1000000000004
0.0952;3798.3500000000004;3797.15;3797.15;3798.3
0.09975;3798.5;3798.3500000000004;3798.3500000000004;3798.4
0.0051;3798.4;3798.25;3798.3500000000004;3798.3
0.23895;3800.05;3798.3500000000004;3798.3500000000004;3800.0
0.11035;3800.2;3799.6000000000004;3799.95;3800.05
0.10535;3800.3999999999996;3799.85;3800.1;3800.3
0.0953;3801.75;3800.35;3800.3999999999996;3801.6000000000004
0.12000000000000001;3802.2;3801.3;3801.55;3802.05
0.22925;3803.9;3802.1;3802.1;3803.8500000000004
0.1403;3804.25;3803.55;3803.9;3803.95
0.09895000000000001;3803.8500000000004;3802.55;3803.8500000000004;3802.8
0.174;3803.05;3802.1;3802.6;3803.05
0.06520000000000001;3803.15;3802.8;3803.0;3803.15
0.10114999999999999;3803.25;3803.05;3803.1;3803.25
0.041100000000000005;3803.45;3803.2;3803.45;3803.25
0.04755;3803.75;3803.3;3803.3;3803.65
0.0335;3803.55;3803.25;3803.55;3803.35
0.11025;3804.1;3803.45;3803.45;3803.85
0.05015;3803.8;3803.6;3803.8;3803.65
0.050100000000000006;3804.0;3803.65;3803.7;3803.8
0.0001;3804.2;3803.95;3804.0;3803.95
0.035;3803.95;3803.3500000000004;3803.9;3803.3500000000004
5e-05;3803.7;3803.45;3803.45;3803.65
0.050100000000000006;3803.75;3803.3500000000004;3803.6000000000004;3803.5
0.048600000000000004;3803.6000000000004;3803.45;3803.45;3803.55
0.05;3803.95;3803.55;3803.6000000000004;3803.9
0.14250000000000002;3804.55;3803.75;3803.75;3804.4
0.08020000000000001;3804.15;3803.55;3804.15;3803.55
0.0502;3803.8500000000004;3803.4;3803.45;3803.75
0.056;3803.7;3803.5;3803.7;3803.55
0.0001;3803.55;3803.3500000000004;3803.5;3803.45
0.048600000000000004;3803.75;3803.3500000000004;3803.55;3803.55
0.050100000000000006;3803.8999999999996;3803.4;3803.4;3803.85
0.020050000000000002;3803.9;3803.65;3803.9;3803.7
0.1163;3803.75;3802.55;3803.75;3802.6
0.056;3802.75;3802.5;3802.6499999999996;3802.55
0.1003;3802.6;3802.05;3802.45;3802.6
0.0862;3802.6;3801.85;3802.5;3802.05
0.08505;3802.3500000000004;3801.9;3802.1;3802.1
0.020050000000000002;3802.05;3801.8;3802.0;3801.95
0.06515;3802.2;3801.4;3801.7;3801.95
0.05015;3801.9;3801.75;3801.9;3801.75
0.020050000000000002;3801.85;3801.7;3801.85;3801.75
0.03355;3801.95;3801.6000000000004;3801.7;3801.9
0.02605;3801.95;3801.9;3801.95;3801.95
0.2065;3802.15;3799.6000000000004;3802.0;3800.2
0.16140000000000002;3800.55;3800.0;3800.15;3800.55
0.05;3800.5;3800.0;3800.3;3800.45
0.15655;3801.1000000000004;3800.05;3800.2;3801.0
0.06515;3801.5;3800.75;3801.05;3800.75
0.06515;3801.05;3800.7;3800.8;3801.05
0.0862;3800.8;3800.2;3800.8;3800.65
0.06365;3800.95;3800.55;3800.6000000000004;3800.95
0.041100000000000005;3801.2;3800.95;3801.0;3801.15
0.09525;3801.3;3800.4;3801.1000000000004;3800.65
0.08020000000000001;3800.7;3799.8;3800.6000000000004;3799.9
0.041100000000000005;3800.15;3799.7;3799.95;3800.05
0.09129999999999999;3800.7;3799.6000000000004;3800.0;3800.6499999999996
0.03005;3800.85;3800.4;3800.7;3800.45
0.1053;3800.7;3800.3;3800.5;3800.6000000000004
0.10500000000000001;3800.75;3800.2;3800.65;3800.75
0.1027;3801.3;3800.75;3800.85;3800.95
0.11645;3801.45;3800.85;3801.0;3801.0
0.0639;3802.05;3801.0;3801.05;3801.95
0.06885;3802.0;3801.2;3801.9;3801.55
0.0001;3801.6;3801.25;3801.4;3801.3
0.020050000000000002;3801.45;3801.3;3801.35;3801.3
0.02605;3801.35;3800.75;3801.35;3800.75
0.08020000000000001;3801.1000000000004;3800.7;3800.7;3800.7
0.056;3800.75;3800.7;3800.75;3800.75
0.0051;3801.4;3800.75;3800.8;3801.05
0.035;3801.1;3800.35;3801.1;3800.35
0.06515;3800.8500000000004;3800.35;3800.3999999999996;3800.6
0.05;3800.8999999999996;3800.5;3800.6499999999996;3800.8999999999996
0.1238;3800.85;3799.3999999999996;3800.85;3799.6
0.1739;3800.3999999999996;3799.3;3799.65;3799.4
0.2216;3799.8999999999996;3799.3;3799.5;3799.8
0.1253;3800.0;3799.6;3799.75;3799.95
0.1053;3800.15;3799.7;3799.8999999999996;3799.75
0.06365;3800.1000000000004;3799.6;3799.85;3799.6
0.1152;3800.6;3799.25;3799.45;3800.35
5e-05;3800.55;3800.3999999999996;3800.3999999999996;3800.55
0.1686;3800.4;3800.3;3800.4;3800.4
0.0701;3800.4;3800.2;3800.3500000000004;3800.2
0.09104999999999999;3800.5;3800.25;3800.25;3800.5
0.0801;3801.15;3800.5;3800.6;3801.15
0.0;3801.3999999999996;3801.1499999999996;3801.3;3801.1499999999996
0.1886;3801.65;3801.0;3801.2;3801.55
0.09609999999999999;3801.8;3801.45;3801.6;3801.8
0.10395;3802.35;3801.75;3802.05;3802.1499999999996
0.07114999999999999;3802.35;3802.1;3802.2;3802.25
0.11235;3802.1499999999996;3801.3500000000004;3802.1499999999996;3801.65
0.11265;3801.65;3801.3500000000004;3801.6;3801.3500000000004
0.09365;3801.4;3801.05;3801.4;3801.1000000000004
0.18380000000000002;3801.3;3800.9;3801.05;3801.2
5e-05;3801.3;3801.1000000000004;3801.25;3801.25
0.0473;3801.5;3801.25;3801.3;3801.5
0.01;3801.55;3801.5;3801.55;3801.5
0.0985;3802.95;3801.5;3801.55;3802.9
0.0953;3803.1000000000004;3802.65;3803.0;3802.8
0.17654999999999998;3803.1499999999996;3802.15;3802.7;3802.8999999999996
0.0938;3803.0;3802.45;3802.95;3802.8500000000004
0.08025;3802.95;3802.75;3802.75;3802.9
0.1239;3802.95;3802.8;3802.95;3802.8500000000004
0.07875;3802.9;3802.7;3802.75;3802.9
0.08625;3803.3999999999996;3802.9;3802.95;3803.3999999999996
0.08625;3803.35;3802.5;3803.35;3802.55
0.08025;3803.1499999999996;3802.65;3802.65;3803.1499999999996
0.06520000000000001;3803.6000000000004;3803.1499999999996;3803.25;3803.5
0.0;3804.0;3803.5;3803.6000000000004;3804.0
0.14645;3805.55;3804.05;3804.05;3805.5
0.05;3805.8999999999996;3805.35;3805.45;3805.85
0.1013;3806.05;3805.8;3805.8999999999996;3806.0
0.1;3806.6;3806.0;3806.05;3806.3
0.08750000000000001;3806.4;3805.9;3806.35;3806.1
0.1;3806.85;3806.15;3806.15;3806.65
0.109;3806.8500000000004;3806.25;3806.6000000000004;3806.8500000000004
0.033600000000000005;3806.95;3806.8500000000004;3806.9;3806.9
0.033600000000000005;3807.05;3806.95;3806.95;3807.05
0.0637;3807.15;3807.0;3807.0;3807.1000000000004
0.1554;3807.15;3804.3;3807.05;3804.3
0.24159999999999998;3805.45;3804.0;3804.5;3804.8
0.23535;3805.3;3804.65;3804.85;3805.1
0.21665;3805.6;3804.6;3805.05;3805.3999999999996
0.3025;3805.6;3803.8;3805.55;3804.3
0.2793;3806.35;3804.1499999999996;3804.2;3805.75
0.05015;3805.65;3805.25;3805.55;3805.3
0.02605;3805.3;3805.15;3805.25;3805.15
0.1764;3805.7;3804.65;3805.2;3804.7
0.17645;3804.85;3804.45;3804.85;3804.8
0.1003;3805.0;3804.55;3804.85;3805.0
0.1015;3805.1499999999996;3804.25;3804.95;3804.6
0.1878;3805.45;3803.6000000000004;3804.75;3805.3
0.13145;3805.45;3804.75;3805.3500000000004;3805.15
0.17500000000000002;3805.3;3804.1;3805.1000000000004;3804.6
0.13885;3804.9;3803.5;3804.8;3803.8
0.09525;3804.2;3803.8;3803.85;3804.05
0.12025;3805.1;3804.0;3804.0;3804.6499999999996
0.0862;3804.9;3803.95;3804.6;3804.6
0.035;3804.9;3804.6;3804.6499999999996;3804.8500000000004
0.03355;3804.95;3804.8;3804.9;3804.8500000000004
0.06515;3804.8500000000004;3804.05;3804.8;3804.05
0.0862;3804.3;3803.5;3804.1;3803.6000000000004
0.10035000000000001;3804.1;3803.5;3803.65;3803.95
0.13885;3804.3500000000004;3803.65;3803.8999999999996;3803.8
0.10025;3803.8999999999996;3803.45;3803.75;3803.85
0.05015;3804.3;3803.85;3803.8999999999996;3804.25
0.035;3804.5;3804.3;3804.3500000000004;3804.3
0.06365;3804.3500000000004;3804.05;3804.3500000000004;3804.05
0.06365;3804.3;3804.1;3804.1;3804.25
0.02605;3804.3;3804.1;3804.3;3804.1499999999996
0.07114999999999999;3804.3;3804.05;3804.1;3804.1000000000004
0.08020000000000001;3804.3;3803.85;3804.15;3804.1
0.02605;3804.2;3804.05;3804.1499999999996;3804.1
0.13885;3803.95;3803.25;3803.8999999999996;3803.25
0.131;3803.3;3802.5;3803.2;3802.6499999999996
0.06515;3802.7;3802.3999999999996;3802.7;3802.6499999999996
0.07735;3803.2;3802.5;3802.7;3803.2
0.041100000000000005;3803.45;3803.25;3803.25;3803.3999999999996
0.0889;3803.7;3803.25;3803.35;3803.6
0.0985;3804.0;3803.6499999999996;3803.6499999999996;3803.8999999999996
0.21025;3804.1000000000004;3802.7;3803.95;3803.4
0.2004;3803.6499999999996;3802.5;3803.3;3802.65
0.1238;3802.65;3802.1499999999996;3802.6;3802.2
0.185;3802.65;3802.0;3802.25;3802.1
0.2567;3803.8;3802.05;3802.2;3803.65
0.0935;3803.45;3802.45;3803.45;3802.45
0.13885;3802.6;3802.0;3802.3999999999996;3802.1
0.1539;3802.2;3800.8999999999996;3802.15;3801.05
0.16235;3802.3999999999996;3801.3;3801.3;3802.3999999999996
0.05015;3802.6000000000004;3802.25;3802.35;3802.6000000000004
0.0877;3803.05;3802.55;3802.55;3802.7
0.07114999999999999;3802.75;3802.3;3802.75;3802.3
0.05;3802.25;3801.4;3802.25;3801.55
0.056;3801.6000000000004;3800.95;3801.6000000000004;3801.0
0.1966;3802.3;3801.0;3801.05;3801.45
0.10745;3801.8500000000004;3801.05;3801.5;3801.05
0.10875;3801.15;3800.8500000000004;3801.1000000000004;3800.8500000000004
0.10035000000000001;3801.1;3800.45;3800.8;3801.0
0.199;3801.8500000000004;3800.3;3800.95;3801.8
0.0862;3801.75;3801.35;3801.75;3801.6499999999996
0.1505;3801.6;3800.65;3801.6;3801.1000000000004
0.10035000000000001;3801.3999999999996;3800.15;3801.3;3800.55
0.06365;3801.15;3800.6000000000004;3800.6000000000004;3800.75
0.05;3800.8500000000004;3800.65;3800.8;3800.75
0.0935;3800.9;3800.4;3800.8;3800.5
0.10875;3801.8;3800.4;3800.4;3801.45
0.08020000000000001;3802.15;3801.5;3801.7;3801.8500000000004
0.06515;3802.0;3801.5;3801.65;3802.0
0.0502;3802.15;3801.75;3802.05;3801.75
0.0787;3801.7;3801.25;3801.7;3801.3
0.041100000000000005;3801.3500000000004;3801.1;3801.3500000000004;3801.2
0.05;3801.3;3801.05;3801.1499999999996;3801.2
0.041100000000000005;3801.3;3801.2;3801.2;3801.2
0.056;3801.35;3801.1000000000004;3801.25;3801.25
0.09525;3801.2;3800.8500000000004;3801.15;3800.9
0.1163;3801.05;3800.35;3800.8500000000004;3800.65
0.07515;3800.7;3800.1000000000004;3800.6;3800.3
0.05505;3800.5;3799.95;3800.5;3800.15
0.15139999999999998;3800.4;3799.5;3800.2;3799.7
0.0675;3799.7;3799.6;3799.6499999999996;3799.7
0.14900000000000002;3800.35;3799.65;3799.8;3800.35
0.04865;3800.5;3800.25;3800.45;3800.35
0.06520000000000001;3800.5;3800.3999999999996;3800.3999999999996;3800.45
0.06520000000000001;3800.6499999999996;3800.45;3800.5;3800.55
0.0263;3801.25;3800.6;3800.6;3801.25
0.05015;3801.3999999999996;3801.15;3801.2;3801.35
0.14035;3801.55;3800.95;3801.3999999999996;3801.3
0.10875;3801.6000000000004;3801.25;3801.35;3801.45
0.07114999999999999;3801.55;3801.35;3801.3999999999996;3801.55
0.0935;3801.65;3800.6000000000004;3801.5;3800.6000000000004
0.10895;3801.45;3800.2;3800.55;3801.25
0.16394999999999998;3801.6499999999996;3800.85;3801.1;3801.15
0.05015;3801.35;3800.85;3801.2;3800.8999999999996
0.09525;3800.8999999999996;3800.3;3800.85;3800.5
0.07114999999999999;3800.7;3800.3999999999996;3800.45;3800.7
0.07114999999999999;3801.25;3800.65;3800.65;3801.25
0.048600000000000004;3801.3999999999996;3801.15;3801.2;3801.3999999999996
0.048600000000000004;3801.55;3800.8999999999996;3801.45;3801.05
0.02605;3801.05;3800.8999999999996;3801.0;3800.8999999999996
0.0185;3801.15;3800.8999999999996;3800.95;3801.15
0.07114999999999999;3801.1;3800.5;3801.1;3800.7
0.21255000000000002;3800.95;3799.85;3800.55;3800.65
0.0787;3800.7;3800.3;3800.7;3800.35
0.07114999999999999;3800.55;3799.8999999999996;3800.3999999999996;3799.95
0.10025;3800.7;3799.95;3800.0;3800.7
0.056;3800.75;3800.5;3800.65;3800.5
0.0987;3800.85;3800.3999999999996;3800.45;3800.75
0.06755;3801.3500000000004;3800.7;3800.7;3801.3500000000004
0.047549999999999995;3801.4;3801.1499999999996;3801.3;3801.4
0.08889999999999999;3801.7;3801.3;3801.3500000000004;3801.65
0.08504999999999999;3802.4;3801.7;3801.75;3802.4
0.0235;3802.5;3802.4;3802.45;3802.45
0.1073;3802.45;3801.8500000000004;3802.4;3801.95
0.031049999999999998;3802.25;3801.9;3801.9;3802.1499999999996
0.08;3802.3;3802.05;3802.2;3802.1499999999996
0.13145;3802.85;3802.1;3802.1;3802.6000000000004
0.086;3802.6000000000004;3802.3500000000004;3802.55;3802.3500000000004
0.10625000000000001;3802.4;3802.2;3802.3;3802.4
0.06735;3802.6499999999996;3802.25;3802.3500000000004;3802.6499999999996
0.0225;3802.6499999999996;3802.45;3802.6;3802.6499999999996
0.03975;3802.8;3802.55;3802.6;3802.6
0.0625;3802.6499999999996;3802.3500000000004;3802.5;3802.3500000000004
0.05625;3802.8;3802.3500000000004;3802.4;3802.6000000000004
0.1353;3802.75;3801.8999999999996;3802.55;3801.8999999999996
0.01005;3802.1;3801.9;3802.0;3802.1
0.0938;3802.3;3801.9;3801.95;3802.2
0.0938;3802.2;3802.05;3802.15;3802.1
0.1;3802.15;3801.65;3802.05;3801.65
0.095;3801.9;3801.3999999999996;3801.7;3801.8
0.09770000000000001;3802.6;3801.7;3801.7;3802.45
0.09525;3802.45;3802.25;3802.3;3802.3999999999996
0.060000000000000005;3802.4;3802.1;3802.2;3802.4
0.05615;3802.4;3802.2;3802.3500000000004;3802.25
0.0125;3802.45;3802.15;3802.2;3802.4
0.06;3802.55;3802.25;3802.5;3802.35
0.0835;3802.8;3802.15;3802.4;3802.3500000000004
0.06515;3802.3500000000004;3801.85;3802.3;3801.85
5e-05;3802.1;3801.85;3801.8999999999996;3801.9
0.06365;3802.05;3801.8;3801.95;3801.95
0.011;3802.0;3801.8999999999996;3801.8999999999996;3802.0
0.1553;3802.6499999999996;3800.4;3802.3500000000004;3800.5
0.28769999999999996;3800.6;3800.3;3800.4;3800.4
0.18905;3800.7;3799.1;3800.65;3800.3500000000004
0.07615;3800.65;3800.2;3800.4;3800.3999999999996
0.17035;3800.7;3800.3;3800.3;3800.55
0.0801;3800.7;3800.3;3800.7;3800.5
0.0538;3800.6;3800.3;3800.45;3800.35
0.09525;3800.35;3800.0;3800.3;3800.35
0.041100000000000005;3800.45;3799.85;3800.45;3799.8999999999996
0.041100000000000005;3799.95;3799.7;3799.8;3799.85
0.1001;3800.1499999999996;3799.7;3799.95;3799.85
0.16655;3800.25;3799.55;3799.8;3799.8
0.041100000000000005;3799.9;3799.8;3799.85;3799.85
0.11515;3800.5;3799.85;3799.9;3800.45
0.14005;3800.6499999999996;3800.45;3800.5;3800.55
0.035;3800.6499999999996;3800.3;3800.6;3800.3
0.00375;3800.4;3800.25;3800.25;3800.4
0.040100000000000004;3800.45;3800.25;3800.3500000000004;3800.3999999999996
0.06520000000000001;3800.65;3800.25;3800.35;3800.55
0.06515;3800.75;3800.35;3800.5;3800.45
0.025;3800.5;3800.4;3800.4;3800.45
0.04875;3800.6;3800.45;3800.5;3800.5
0.038500000000000006;3800.6;3800.45;3800.45;3800.6
0.06015;3801.2;3800.6499999999996;3800.6499999999996;3800.95
0.0;3801.1000000000004;3801.0;3801.0;3801.05
0.05015;3801.1000000000004;3800.8500000000004;3801.1000000000004;3800.8500000000004
0.01;3800.8500000000004;3800.8;3800.8;3800.8500000000004
0.00375;3800.9;3800.75;3800.75;3800.9
0.02505;3800.9;3800.8;3800.8500000000004;3800.8
0.0563;3801.0;3800.6499999999996;3800.7;3800.95
0.0;3801.05;3800.95;3801.0;3800.95
0.0485;3800.95;3800.45;3800.9;3800.8
0.1163;3800.85;3800.3;3800.7;3800.8
0.14135;3800.8999999999996;3800.3500000000004;3800.75;3800.6499999999996
0.11635000000000001;3801.1;3800.3999999999996;3800.7;3801.0
0.041100000000000005;3801.1;3801.0;3801.05;3801.1
0.041100000000000005;3801.25;3801.05;3801.1499999999996;3801.1499999999996
0.0637;3801.25;3801.05;3801.1;3801.25
0.033600000000000005;3801.25;3801.2;3801.2;3801.2
0.0225;3801.75;3801.2;3801.25;3801.7
0.02605;3801.75;3801.65;3801.65;3801.7
0.020050000000000002;3801.75;3801.7;3801.75;3801.7
0.035;3801.75;3801.65;3801.75;3801.65
0.041100000000000005;3801.6000000000004;3801.5;3801.6000000000004;3801.5
0.0235;3801.2;3801.1499999999996;3801.2;3801.2
0.01375;3801.25;3801.1;3801.25;3801.2
0.1111;3801.55;3800.8999999999996;3801.25;3801.25
0.07114999999999999;3801.25;3800.45;3801.2;3800.45
0.0185;3800.5;3800.35;3800.3999999999996;3800.5
0.06770000000000001;3800.8;3799.95;3800.8;3800.3
0.06885;3800.8;3800.2;3800.25;3800.8
0.09109999999999999;3801.1499999999996;3800.6499999999996;3800.85;3801.05
0.02605;3801.2;3800.95;3801.0;3801.2
0.0;3801.4;3801.4;3801.4;3801.4
0.035;3801.25;3801.05;3801.25;3801.25
0.020050000000000002;3801.25;3801.1000000000004;3801.2;3801.2
0.05015;3801.25;3801.2;3801.25;3801.2
0.03355;3801.25;3801.05;3801.25;3801.05
0.035;3801.2;3801.05;3801.15;3801.2
0.0;3801.4;3801.4;3801.4;3801.4
0.0;3801.4;3801.4;3801.4;3801.4
0.011;3801.25;3801.2;3801.25;3801.25
0.03005;3801.25;3801.05;3801.05;3801.25
0.02605;3801.25;3801.05;3801.2;3801.2
0.08115;3801.2;3800.6;3801.15;3800.8
0.1238;3800.8;3800.25;3800.75;3800.25
0.25370000000000004;3800.3;3799.55;3800.3;3799.6499999999996
0.20905;3800.75;3799.55;3799.6;3800.05
0.1328;3800.1499999999996;3799.55;3799.8500000000004;3799.8
0.09135;3799.75;3799.3500000000004;3799.6000000000004;3799.4
0.03625;3799.4;3799.3;3799.3500000000004;3799.4
0.13265;3800.05;3799.4;3799.45;3799.5
0.1602;3799.85;3799.25;3799.6;3799.45
0.07885;3799.6;3799.35;3799.3999999999996;3799.45
0.1352;3799.55;3798.95;3799.5;3799.0
0.14405;3799.6499999999996;3798.9;3799.05;3799.1000000000004
0.0862;3799.35;3798.8999999999996;3799.15;3799.05
0.17045000000000002;3799.2;3798.85;3799.0;3798.85
0.17020000000000002;3799.05;3797.95;3798.8999999999996;3798.1499999999996
0.15655000000000002;3798.6;3798.2;3798.2;3798.6
0.06125;3798.9;3798.6;3798.6499999999996;3798.8
0.057300000000000004;3798.8;3798.6;3798.7;3798.6499999999996
0.0235;3798.7;3798.6;3798.7;3798.6
0.020050000000000002;3798.6;3798.55;3798.55;3798.6
0.03355;3798.55;3798.35;3798.55;3798.45
0.1;3798.5;3798.3500000000004;3798.5;3798.3500000000004
0.1027;3798.6;3798.2;3798.4;3798.3
0.0952;3798.45;3797.95;3798.25;3798.0
0.1053;3798.05;3797.65;3797.95;3797.8500000000004
0.18645;3797.8;3796.8;3797.8;3797.3
0.0925;3797.3999999999996;3796.0;3797.35;3796.0
0.39280000000000004;3796.2;3795.3999999999996;3795.9;3795.8999999999996
0.41100000000000003;3795.8999999999996;3792.55;3795.85;3792.6
0.5236;3793.8999999999996;3792.05;3792.75;3793.8999999999996
0.33440000000000003;3793.85;3792.5;3793.85;3792.5
0.29045;3793.65;3792.55;3792.55;3793.15
0.27825;3794.85;3793.05;3793.1000000000004;3794.7
0.0;3794.95;3794.2;3794.75;3794.95
0.0;3795.1000000000004;3794.95;3795.0;3794.95
0.15165;3795.3;3794.6000000000004;3795.0;3794.75
0.2178;3795.65;3794.7;3794.8;3795.65
0.0552;3795.8999999999996;3795.5;3795.6;3795.85
0.21525;3798.15;3795.8;3795.8;3797.45
0.2479;3797.6000000000004;3797.2;3797.4;3797.4
0.23945;3798.45;3797.2;3797.3;3797.85
0.223;3798.75;3797.55;3797.8;3798.4
0.21755;3798.75;3797.5;3798.5;3798.6
0.2185;3798.6;3797.5;3798.55;3797.55
0.1991;3797.95;3796.85;3797.6000000000004;3797.7
0.17005;3798.8999999999996;3797.8;3797.8;3798.7
0.22915;3799.05;3798.3;3798.8999999999996;3798.75
0.1251;3798.8;3798.25;3798.7;3798.55
0.07640000000000001;3798.75;3798.45;3798.6;3798.6
0.1238;3798.6000000000004;3798.0;3798.55;3798.1000000000004
0.15635;3798.4;3797.55;3798.05;3798.3500000000004
0.0935;3798.15;3797.8999999999996;3798.1000000000004;3797.95
0.15735;3799.75;3797.95;3798.0;3799.4
0.15405;3801.7;3799.6000000000004;3799.65;3801.55
0.18015;3803.1000000000004;3801.2;3801.5;3802.75
0.11030000000000001;3803.3500000000004;3802.7;3802.7;3803.25
0.29185;3803.75;3802.3;3803.15;3802.4
0.15025;3803.1000000000004;3802.3;3802.45;3802.85
0.1013;3803.1;3802.45;3802.8;3802.85
0.16905;3808.05;3802.85;3802.8999999999996;3808.05
0.25055;3809.2;3807.5;3807.8;3808.3
0.22765000000000002;3809.1499999999996;3807.95;3808.05;3809.1
0.1463;3809.1499999999996;3808.8;3809.1499999999996;3808.95
0.1164;3808.95;3808.05;3808.9;3808.05
0.368;3808.0;3804.0;3808.0;3804.1
0.24434999999999998;3804.65;3803.95;3804.2;3804.45
0.15889999999999999;3805.1;3804.25;3804.3500000000004;3805.05
0.1013;3805.1499999999996;3804.8999999999996;3805.1;3805.1
0.16895;3805.05;3804.4;3805.05;3804.4
0.1553;3804.7;3804.35;3804.45;3804.7
0.0812;3805.1499999999996;3804.7;3804.75;3805.1499999999996
0.1605;3807.85;3805.05;3805.15;3807.85
0.07885;3807.95;3807.3999999999996;3807.8;3807.6499999999996
0.08885;3807.8999999999996;3807.6;3807.7;3807.75
0.10635;3807.85;3807.45;3807.7;3807.7
0.2026;3808.2;3807.55;3807.6499999999996;3808.05
0.24175000000000002;3810.75;3807.95;3808.0;3810.6000000000004
0.16044999999999998;3810.9;3809.25;3810.65;3809.3
0.24425;3810.1499999999996;3809.1499999999996;3809.3999999999996;3810.1499999999996
0.18275;3810.2;3809.6000000000004;3810.1;3809.6000000000004
0.2005;3810.1000000000004;3809.55;3809.65;3810.0
0.16255;3810.85;3810.05;3810.05;3810.7
0.2053;3810.75;3810.15;3810.6499999999996;3810.2
0.24645;3810.4;3808.95;3810.4;3809.4
0.2291;3809.4;3808.1;3809.3500000000004;3809.05
0.20055;3809.15;3808.05;3809.1000000000004;3809.05
0.1554;3809.15;3808.1499999999996;3809.1000000000004;3808.1499999999996
0.1539;3808.95;3807.95;3808.25;3808.2
0.1664;3809.4;3808.25;3808.25;3809.3500000000004
5e-05;3809.3500000000004;3809.1000000000004;3809.3;3809.15
0.189;3809.8500000000004;3809.1000000000004;3809.1000000000004;3809.7
0.10885;3810.2;3809.65;3809.65;3810.05
0.09355;3810.1;3809.8;3810.0;3809.8500000000004
0.26565;3809.8500000000004;3807.8999999999996;3809.8;3808.45
0.0862;3808.95;3808.45;3808.5;3808.8999999999996
0.048600000000000004;3809.25;3808.95;3808.95;3809.25
0.1163;3809.25;3808.6000000000004;3809.2;3808.65
0.06365;3808.95;3808.6000000000004;3808.7;3808.75
0.035;3808.95;3808.75;3808.8;3808.75
0.0185;3808.8;3808.75;3808.8;3808.8
0.10125;3809.65;3808.85;3808.85;3809.65
0.0225;3809.55;3809.4;3809.5;3809.4
0.11265;3809.5;3808.95;3809.5;3809.05
0.09119999999999999;3809.3;3809.05;3809.1000000000004;3809.25
0.25265;3809.6499999999996;3809.2;3809.2;3809.6499999999996
0.199;3809.7;3808.95;3809.6;3809.3500000000004
0.144;3809.45;3809.0;3809.4;3809.1
0.157;3809.25;3808.7;3809.0;3808.75
0.11145;3809.5;3808.8;3808.8;3809.5
0.15785;3809.5;3808.5;3809.45;3809.1000000000004
0.16035;3809.5;3808.65;3809.05;3808.75
0.1253;3808.9;3808.3;3808.7;3808.45
0.1825;3809.45;3808.45;3808.5;3809.45
0.07645;3809.25;3808.8500000000004;3809.25;3809.05
0.0689;3809.2;3808.8500000000004;3808.95;3809.1000000000004
0.094;3809.1499999999996;3808.6000000000004;3809.05;3808.95
0.040100000000000004;3809.25;3808.95;3809.0;3809.2
0.040100000000000004;3809.45;3809.2;3809.25;3809.4
0.040999999999999995;3809.6000000000004;3809.15;3809.35;3809.55
0.035;3809.6;3809.4;3809.5;3809.4
0.060250000000000005;3809.35;3809.1;3809.35;3809.35
0.10540000000000001;3810.25;3809.35;3809.3999999999996;3810.15
0.18409999999999999;3811.9;3810.15;3810.2;3811.9
0.351;3817.3;3812.05;3812.15;3817.3
0.5348999999999999;3823.95;3816.5;3817.7;3816.5
0.40585;3817.2;3813.3500000000004;3816.4;3816.15
0.53985;3820.1499999999996;3815.7;3816.1000000000004;3819.6000000000004
0.54235;3826.35;3819.25;3819.65;3822.9
0.5329999999999999;3823.65;3819.8;3822.7;3820.3
0.5114;3820.45;3817.7;3820.25;3819.6499999999996
0.28305;3820.25;3817.1000000000004;3819.3999999999996;3818.8
0.2605;3819.1;3816.15;3818.85;3816.8999999999996
0.14035;3817.5;3816.8999999999996;3816.95;3817.35
0.21499999999999997;3818.55;3817.3;3817.3;3818.2
0.2506;3821.3;3818.3500000000004;3818.3500000000004;3820.85
0.20174999999999998;3821.1;3818.5;3820.8999999999996;3818.5
0.2757;3818.45;3815.5;3818.45;3816.45
0.1789;3816.7;3813.95;3816.3999999999996;3814.05
0.34585;3815.5;3813.3999999999996;3814.0;3815.45
0.34325;3815.5;3812.1;3815.5;3812.25
0.3794;3816.1;3812.25;3812.3;3814.7
0.175;3815.6499999999996;3814.65;3814.65;3815.55
0.1239;3816.45;3815.5;3815.6;3815.55
0.11035;3815.95;3815.35;3815.5;3815.7
0.07875;3816.95;3815.7;3815.75;3816.9
0.0939;3816.95;3816.0;3816.95;3816.05
0.16785;3816.8;3815.1499999999996;3816.0;3816.7
0.22155;3816.95;3815.3;3816.8;3816.35
0.2242;3816.9;3815.4;3816.25;3816.2
0.24159999999999998;3816.6000000000004;3815.45;3816.25;3816.05
0.05;3817.15;3815.8999999999996;3815.8999999999996;3817.05
0.05015;3817.45;3817.15;3817.2;3817.3999999999996
0.13140000000000002;3819.4;3817.5;3817.5;3819.3
0.20040000000000002;3820.3999999999996;3819.2;3820.25;3820.3
0.42105;3821.9;3816.95;3820.35;3818.15
0.17375;3820.55;3818.2;3818.2;3819.95
0.28295;3820.0;3816.45;3820.0;3817.95
0.20049999999999998;3819.7;3817.45;3818.0;3819.7
0.273;3820.85;3819.0;3819.6;3820.6
0.27149999999999996;3820.5;3818.5;3820.5;3820.05
0.17914999999999998;3820.55;3819.3999999999996;3819.9;3820.45
0.11130000000000001;3820.75;3820.4;3820.6000000000004;3820.6
0.129;3820.8;3819.8;3820.65;3820.15
0.1539;3820.2;3819.0;3820.2;3819.75
0.1915;3820.3;3819.6499999999996;3819.7;3820.25
0.1729;3820.45;3818.2;3820.3;3818.2
0.21425;3818.8999999999996;3817.8;3818.35;3818.55
0.08025;3819.05;3818.6;3818.7;3819.05
0.094;3819.05;3817.55;3819.0;3817.55
0.1764;3817.5;3814.65;3817.45;3814.7
0.1685;3814.7;3813.7;3814.65;3813.8
0.09525;3814.6499999999996;3813.7;3813.75;3814.4
0.13155;3814.7;3813.45;3814.3500000000004;3813.6499999999996
0.1685;3814.85;3813.55;3813.6;3813.7
0.17645;3814.8;3813.6499999999996;3813.75;3813.8
0.1163;3813.85;3813.7;3813.85;3813.8
0.05;3814.1000000000004;3813.7;3813.75;3814.1000000000004
0.0862;3814.5;3814.0;3814.05;3814.35
0.0;3814.55;3814.05;3814.3;3814.3
0.2005;3814.45;3813.2;3814.3500000000004;3814.05
0.1539;3814.1000000000004;3812.9;3814.1000000000004;3814.05
0.08020000000000001;3814.45;3813.8999999999996;3814.1000000000004;3813.8999999999996
0.0935;3814.15;3813.65;3813.95;3813.65
0.0502;3813.9;3812.65;3813.7;3812.9
0.2291;3813.05;3810.6;3812.95;3810.8
0.2555;3811.1000000000004;3809.0;3810.85;3809.5
0.23900000000000002;3810.15;3808.25;3809.3;3810.15
0.34485000000000005;3816.1499999999996;3810.15;3810.2;3814.75
0.27754999999999996;3814.7;3811.8;3814.55;3813.05
0.0787;3813.0;3812.2;3813.0;3812.65
0.21495;3812.85;3811.6;3812.85;3812.3
0.06365;3812.1499999999996;3811.3;3812.1499999999996;3811.3
0.0552;3812.25;3811.15;3811.15;3812.2
0.14035;3811.8500000000004;3810.6;3811.8500000000004;3811.05
0.2026;3811.1;3809.75;3811.0;3810.1000000000004
0.1515;3810.6499999999996;3809.6000000000004;3810.0;3810.6499999999996
0.1602;3810.6499999999996;3810.05;3810.45;3810.1499999999996
0.10264999999999999;3810.6;3809.85;3810.1;3810.15
0.13015000000000002;3810.55;3809.95;3810.1000000000004;3810.5
0.1088;3810.5;3809.8;3810.45;3810.1
0.05015;3810.1;3809.5;3810.05;3809.55
0.0938;3809.75;3809.5;3809.6;3809.6
0.02605;3809.7;3809.55;3809.65;3809.65
0.07885;3810.2;3809.65;3809.7;3810.2
0.16655;3812.15;3810.05;3810.1499999999996;3812.15
0.11635000000000001;3812.3;3811.05;3812.3;3811.95
0.08625;3812.1499999999996;3811.65;3812.05;3811.75
0.14350000000000002;3812.0;3811.5;3811.85;3811.55
0.1291;3811.8500000000004;3811.3500000000004;3811.6000000000004;3811.45
0.08224999999999999;3811.55;3811.1;3811.5;3811.45
0.134;3813.1;3811.4;3811.5;3813.1
0.07145;3813.2;3811.6000000000004;3813.15;3811.65
0.0511;3812.2;3811.65;3811.8;3812.05
0.0;3811.8;3811.5;3811.5;3811.8
0.07875;3812.75;3812.25;3812.25;3812.3500000000004
0.033800000000000004;3812.9;3812.3500000000004;3812.4;3812.8
0.041100000000000005;3812.75;3812.35;3812.75;3812.7
0.05375;3813.1;3812.5;3812.75;3813.05
0.04505000000000001;3813.3;3813.05;3813.1;3813.15
0.056;3813.3;3813.1000000000004;3813.2;3813.15
0.0936;3813.5;3813.15;3813.3;3813.5
0.06605;3813.55;3812.8;3813.25;3813.5
0.10250000000000001;3813.55;3812.6000000000004;3813.25;3812.65
0.1364;3813.6499999999996;3812.5;3812.8;3813.4
0.18414999999999998;3814.2;3813.45;3813.6;3814.0
0.0685;3814.6000000000004;3813.9;3814.15;3814.4
0.041100000000000005;3815.25;3814.45;3814.45;3815.25
0.1013;3816.0;3814.7;3815.35;3815.15
0.05;3815.3;3814.3;3815.0;3814.6
0.0712;3814.65;3814.45;3814.55;3814.6000000000004
0.011;3814.8;3814.7;3814.7;3814.8
0.0;3814.8;3814.05;3814.75;3814.05
0.06520000000000001;3814.15;3813.85;3814.0;3813.95
0.0953;3814.0;3813.3;3814.0;3813.45
0.1916;3814.7;3813.3;3813.3;3814.55
0.17654999999999998;3814.5;3813.7;3814.5;3814.3
0.16905;3815.0;3814.3;3814.3500000000004;3814.9
0.27440000000000003;3814.95;3814.05;3814.75;3814.65
0.219;3814.65;3813.6;3814.5;3813.8999999999996
0.21664999999999998;3814.65;3813.8;3813.85;3814.3999999999996
0.26025;3815.6;3814.15;3814.45;3815.2
0.14385;3815.7;3814.85;3815.4;3814.8999999999996
0.02605;3815.6;3815.45;3815.45;3815.6
0.033600000000000005;3815.95;3815.65;3815.7;3815.85
0.04865;3815.95;3815.8;3815.9;3815.85
0.057249999999999995;3815.8999999999996;3815.3999999999996;3815.8999999999996;3815.3999999999996
0.03355;3815.45;3815.35;3815.45;3815.45
0.02605;3815.5;3815.3;3815.5;3815.3
0.02605;3815.3;3815.2;3815.25;3815.25
0.035;3815.3;3814.95;3815.3;3814.95
0.0787;3814.9;3814.45;3814.9;3814.6
0.08020000000000001;3814.6;3814.15;3814.55;3814.25
0.056;3814.4;3813.95;3814.2;3814.0
0.1505;3814.8;3814.1;3814.2;3814.6000000000004
0.20625;3815.3;3814.35;3814.55;3815.1
0.17765;3815.1;3814.25;3815.0;3814.4
0.31775;3814.5;3813.5;3814.3;3814.0
0.11099999999999999;3814.1499999999996;3813.75;3814.05;3814.1
0.13265;3814.3;3813.55;3814.1499999999996;3814.15
0.10389999999999999;3814.15;3813.45;3814.1;3813.8
0.0953;3814.05;3813.8500000000004;3813.8500000000004;3814.0
0.15145;3814.05;3813.1;3814.05;3813.4
0.0915;3813.65;3813.25;3813.3500000000004;3813.45
0.13505;3814.05;3813.3999999999996;3813.3999999999996;3813.9
0.24509999999999998;3813.9;3811.05;3813.8500000000004;3811.2
0.1554;3811.15;3810.0;3811.05;3810.0
0.0502;3810.1;3808.3;3810.05;3808.45
0.10035000000000001;3809.6;3808.3500000000004;3808.4;3809.55
0.09525;3809.6;3809.1499999999996;3809.5;3809.25
0.14035;3809.2;3808.45;3809.05;3808.95
0.1338;3809.3;3808.95;3809.0;3809.25
0.09015000000000001;3810.5;3809.05;3809.05;3810.5
0.124;3811.55;3810.45;3810.55;3810.8
0.18525;3811.1499999999996;3810.3;3810.75;3810.7
0.1254;3811.25;3810.85;3810.8999999999996;3811.1499999999996
0.1555;3811.8999999999996;3811.1;3811.1;3811.8999999999996
0.11275;3812.5;3811.55;3811.85;3812.0
0.1014;3812.2;3811.7;3812.1499999999996;3811.8999999999996
0.14035;3811.8999999999996;3811.35;3811.8;3811.45
0.25539999999999996;3811.5;3809.6;3811.5;3809.65
0.1013;3810.8999999999996;3809.6;3809.7;3810.75
0.0835;3811.05;3810.7;3810.85;3811.05
0.08025;3811.25;3810.8999999999996;3811.1;3811.2
0.1302;3811.4;3810.5;3811.15;3810.75
0.2449;3810.8;3810.15;3810.8;3810.3999999999996
0.12265;3811.4;3810.3;3810.3;3811.4
0.28925;3811.85;3810.25;3811.3;3810.6
0.20625;3811.1;3810.45;3810.55;3810.55
0.1449;3810.8;3809.85;3810.45;3809.85
0.050100000000000006;3810.15;3809.5;3809.65;3810.15
0.11374999999999999;3810.45;3809.55;3810.25;3810.0
0.041100000000000005;3810.15;3810.0;3810.05;3810.1000000000004
0.09525;3810.25;3809.75;3810.05;3809.8
0.0701;3809.9;3809.75;3809.8500000000004;3809.8500000000004
0.1052;3809.9;3809.25;3809.9;3809.25
0.17645;3809.35;3808.75;3809.35;3809.1
0.09109999999999999;3810.0;3809.15;3809.15;3810.0
0.10005;3810.05;3809.95;3809.95;3809.95
0.07475;3810.0;3809.9;3810.0;3809.95
0.045;3810.1;3810.0;3810.05;3810.05
0.2016;3810.0;3808.7;3810.0;3809.7
0.0639;3809.95;3809.5;3809.75;3809.7
0.041100000000000005;3809.75;3809.6;3809.75;3809.6499999999996
0.03355;3809.9;3809.7;3809.7;3809.8500000000004
0.1504;3810.45;3808.95;3810.0;3809.05
0.21289999999999998;3809.9;3809.3;3809.3;3809.8
0.17145;3810.15;3809.65;3809.9;3810.05
0.27645;3810.05;3809.3999999999996;3810.0;3809.3999999999996
0.1825;3809.6000000000004;3809.0;3809.45;3809.25
0.16515000000000002;3809.5;3809.1;3809.3;3809.5
0.08365;3809.75;3809.4;3809.4;3809.6499999999996
0.0776;3809.7;3809.3;3809.7;3809.5
0.09004999999999999;3809.7;3809.15;3809.45;3809.55
0.048600000000000004;3809.45;3809.3;3809.45;3809.4
0.10625000000000001;3809.5;3809.2;3809.45;3809.5
0.1037;3809.5;3809.05;3809.45;3809.25
0.06515;3809.4;3809.05;3809.35;3809.35
0.16140000000000002;3809.4;3808.75;3809.4;3808.8
0.1338;3809.5;3808.8;3808.8999999999996;3809.5
0.1253;3809.5;3809.2;3809.45;3809.3
0.15045;3809.45;3809.2;3809.25;3809.25
0.25165;3809.5;3809.1499999999996;3809.2;3809.3
0.06515;3809.2;3808.85;3809.2;3809.1
0.05015;3809.5;3809.1;3809.1499999999996;3809.3
0.0911;3809.45;3808.75;3809.25;3808.8
0.06520000000000001;3809.6;3808.65;3808.8999999999996;3809.6
0.04865;3809.6;3809.5;3809.55;3809.55
0.06475;3809.9;3809.6;3809.6;3809.9
0.0764;3810.95;3810.0;3810.0;3810.85
0.048600000000000004;3811.15;3810.7;3810.7;3811.05
0.05015;3811.0;3810.7;3811.0;3810.8500000000004
0.10025;3810.8;3809.0;3810.8;3809.45
0.14035;3809.95;3808.9;3809.4;3808.95
0.1551;3810.1;3808.4;3808.9;3809.55
0.10125;3810.4;3809.3;3809.5;3810.3
0.0787;3810.5;3809.3500000000004;3810.25;3809.45
0.1238;3809.6;3808.75;3809.5;3809.2
0.05015;3809.7;3809.1499999999996;3809.25;3809.3999999999996
0.07114999999999999;3809.45;3808.65;3809.05;3809.25
0.0935;3809.75;3809.25;3809.3;3809.3
0.048600000000000004;3809.35;3809.25;3809.25;3809.35
0.06515;3809.7;3809.4;3809.4;3809.5
0.1238;3809.5;3809.3;3809.45;3809.4
0.06515;3809.75;3809.3;3809.45;3809.6
0.10035000000000001;3809.95;3809.55;3809.55;3809.95
0.10025;3810.0;3809.8;3809.9;3810.0
0.048600000000000004;3810.3500000000004;3810.05;3810.05;3810.2
0.05;3810.05;3809.4;3810.05;3809.7
0.0862;3810.15;3809.8;3809.85;3809.9
0.048600000000000004;3809.95;3809.7;3809.95;3809.95
0.10125;3809.95;3809.05;3809.9;3809.3
0.03355;3809.65;3809.3500000000004;3809.3500000000004;3809.6
0.056;3809.7;3809.0;3809.55;3809.05
0.0185;3809.1;3809.05;3809.1;3809.1
0.06725;3809.3;3808.95;3809.05;3809.0
0.04855;3809.0;3808.8500000000004;3808.95;3808.8500000000004
0.07755000000000001;3809.5;3808.8;3808.8;3809.5
0.15275;3809.35;3808.45;3809.3;3809.05
0.12154999999999999;3809.5;3808.95;3809.0;3809.1499999999996
0.1;3809.4;3809.1;3809.1;3809.3
0.1903;3809.8500000000004;3808.8500000000004;3809.25;3809.05
0.11;3809.2;3808.7;3809.0;3808.85
0.1726;3809.3;3808.25;3808.9;3808.35
0.14775;3808.65;3806.8999999999996;3808.4;3807.3999999999996
0.041100000000000005;3807.45;3807.35;3807.45;3807.45
0.124;3808.6499999999996;3807.55;3807.55;3807.75
0.199;3807.7;3805.7;3807.7;3806.7
0.21405;3807.9;3805.6499999999996;3806.95;3806.1
0.05;3806.3999999999996;3806.2;3806.35;3806.3
5e-05;3806.3500000000004;3806.25;3806.25;3806.3
0.16140000000000002;3808.25;3806.2;3806.25;3808.1000000000004
0.0001;3808.35;3808.0;3808.25;3808.05
0.041100000000000005;3808.2;3807.95;3808.2;3807.95
0.0852;3808.4;3807.95;3808.0;3807.95
0.06365;3808.1000000000004;3807.8999999999996;3808.0;3807.95
0.07114999999999999;3808.1;3807.8999999999996;3808.0;3808.05
0.06385;3808.4;3807.95;3808.0;3808.4
0.06755;3809.0;3808.1;3808.6499999999996;3809.0
0.05;3809.9;3809.05;3809.05;3809.9
0.0;3810.45;3809.95;3809.95;3810.3999999999996
0.0;3810.7;3810.3999999999996;3810.45;3810.7
0.09745000000000001;3810.65;3810.2;3810.6000000000004;3810.3999999999996
0.005;3810.5;3810.45;3810.45;3810.5
0.0637;3811.0;3810.55;3810.55;3810.55
0.0;3811.15;3810.5;3810.5;3811.15
0.02605;3811.3;3811.2;3811.2;3811.2
0.02605;3811.75;3811.1;3811.15;3811.75
0.020050000000000002;3811.75;3811.7;3811.7;3811.75
0.041100000000000005;3811.85;3811.7;3811.7;3811.75
0.09265;3811.8;3811.25;3811.7;3811.5
0.08635;3812.2;3811.25;3811.45;3811.3
0.05015;3811.45;3811.05;3811.25;3811.1
0.07114999999999999;3811.1499999999996;3811.0;3811.05;3811.05
0.050100000000000006;3811.6000000000004;3811.05;3811.1;3811.6000000000004
0.0813;3812.1;3811.65;3811.65;3811.8
0.005;3811.9;3811.8;3811.9;3811.8
0.0787;3811.7;3811.25;3811.7;3811.3
0.0502;3812.05;3811.3500000000004;3811.4;3812.0
0.14035;3811.8999999999996;3810.85;3811.85;3811.3
0.11;3812.15;3811.3500000000004;3811.3500000000004;3812.1000000000004
0.10025;3812.15;3811.2;3812.15;3811.25
0.05;3811.6499999999996;3811.1499999999996;3811.3;3811.45
0.13524999999999998;3812.3999999999996;3811.45;3811.5;3812.35
0.08625;3812.7;3812.45;3812.45;3812.6000000000004
0.22669999999999998;3813.9;3812.6000000000004;3812.65;3813.0
0.15975;3813.6000000000004;3813.05;3813.2;3813.1499999999996
0.265;3813.45;3813.1499999999996;3813.2;3813.45
0.17654999999999998;3814.45;3813.45;3813.5;3814.45
0.28;3814.75;3814.1499999999996;3814.5;3814.7
0.1751;3814.75;3814.5;3814.75;3814.7
0.14125;3814.8500000000004;3814.6499999999996;3814.6499999999996;3814.8
0.23264999999999997;3814.8500000000004;3814.5;3814.8500000000004;3814.6499999999996
0.2153;3815.45;3814.6;3814.7;3814.75
0.0863;3815.1;3814.65;3814.65;3815.1
0.1276;3815.8;3815.05;3815.05;3815.8
0.21255000000000002;3818.35;3815.85;3815.85;3818.1000000000004
0.2956;3818.15;3814.45;3818.0;3814.45
0.2515;3816.1;3814.45;3814.5;3816.05
0.19779999999999998;3817.55;3815.75;3816.1;3817.55
0.2103;3817.8999999999996;3816.8;3817.6499999999996;3817.7
0.10500000000000001;3818.0;3817.6;3817.75;3817.75
0.14905;3817.9;3817.3999999999996;3817.7;3817.6000000000004
0.13895000000000002;3817.95;3817.6000000000004;3817.65;3817.65
0.154;3818.1;3817.55;3817.7;3817.85
0.05615;3818.3;3817.95;3817.95;3818.1000000000004
0.05;3818.1000000000004;3817.65;3818.0;3817.85
0.2203;3817.8999999999996;3817.15;3817.8;3817.35
0.32555;3817.55;3815.95;3817.3;3816.3
0.41825;3816.2;3812.3;3816.2;3813.75
0.1715;3815.85;3813.7;3813.7;3815.65
0.15635;3815.75;3814.75;3815.6;3815.05
0.27690000000000003;3815.0;3812.8500000000004;3815.0;3814.2
0.29505000000000003;3814.15;3812.1499999999996;3814.15;3812.3
0.33405;3813.95;3812.1499999999996;3812.2;3813.05
0.26395;3813.65;3812.65;3812.8999999999996;3812.8
0.1464;3813.05;3812.55;3812.6000000000004;3813.0
0.19174999999999998;3813.9;3812.8500000000004;3813.05;3813.6
0.10885;3813.8999999999996;3813.55;3813.7;3813.75
0.24685;3813.8;3812.9;3813.6499999999996;3812.9
0.24534999999999998;3813.6;3812.9;3812.95;3813.4
0.19035;3814.0;3813.3;3813.45;3813.5
0.16655;3813.95;3813.35;3813.55;3813.75
0.10145000000000001;3814.1499999999996;3813.3999999999996;3813.55;3814.1499999999996
0.05;3815.15;3814.2;3814.2;3815.1
0.05;3815.25;3814.6499999999996;3815.15;3814.6499999999996
0.11635000000000001;3815.1499999999996;3814.6;3814.75;3815.0
0.119;3816.1;3815.0;3815.05;3816.1
0.2475;3816.7;3815.75;3816.2;3816.0
0.244;3816.05;3815.1499999999996;3816.05;3815.5
0.3165;3817.05;3815.55;3815.55;3816.45
0.199;3816.65;3815.45;3816.4;3815.6000000000004
0.1003;3815.75;3815.3;3815.65;3815.65
0.1153;3815.85;3815.55;3815.7;3815.75
0.1003;3815.8999999999996;3815.7;3815.7;3815.85
0.1685;3816.75;3815.6499999999996;3815.8999999999996;3815.7
0.10035000000000001;3815.95;3815.75;3815.75;3815.8
0.050100000000000006;3815.95;3815.65;3815.85;3815.8
0.0502;3815.8;3815.6000000000004;3815.75;3815.8
0.1539;3816.25;3815.75;3815.75;3816.2
0.1504;3816.75;3816.1000000000004;3816.15;3816.75
0.1504;3816.8;3816.5;3816.7;3816.7
0.1003;3816.7;3816.3999999999996;3816.65;3816.55
0.15045;3817.0;3816.45;3816.5;3816.8999999999996
0.13;3817.1;3816.55;3816.95;3816.75
0.050100000000000006;3816.9;3816.8;3816.8;3816.85
0.0523;3817.1;3816.8;3817.0;3816.9
0.07114999999999999;3816.9;3816.8;3816.85;3816.85
0.10875;3817.35;3816.85;3816.9;3817.3
0.07755000000000001;3817.6499999999996;3817.35;3817.35;3817.6499999999996
0.09605;3817.8;3817.6;3817.6;3817.8
0.06385;3818.4;3817.8;3817.9;3818.3500000000004
0.056;3818.45;3818.15;3818.4;3818.2
0.0787;3818.25;3818.1;3818.25;3818.2
0.056;3818.3;3818.05;3818.15;3818.2
0.03355;3818.6000000000004;3818.15;3818.15;3818.55
0.07515;3819.1000000000004;3818.6000000000004;3818.6000000000004;3818.8
0.09645;3818.8;3818.2;3818.75;3818.45
0.06515;3819.25;3818.4;3818.6000000000004;3819.25
0.07114999999999999;3819.45;3819.15;3819.3;3819.25
0.0645;3819.7;3819.3;3819.3;3819.5
0.07885;3820.7;3819.45;3819.45;3820.7
0.0488;3821.5;3820.8;3820.8;3821.4
0.07515;3821.5;3821.2;3821.35;3821.45
0.106;3821.6;3821.3;3821.4;3821.5
0.11405;3822.15;3821.45;3821.45;3822.1000000000004
0.0637;3822.35;3821.95;3822.15;3822.25
0.21925;3822.3;3819.8;3822.1499999999996;3819.8500000000004
0.18285;3820.75;3819.35;3819.9;3820.05
0.1003;3820.45;3820.1;3820.1;3820.3999999999996
0.16419999999999998;3820.6;3820.1000000000004;3820.3;3820.3500000000004
0.1238;3820.3;3818.8999999999996;3820.3;3818.8999999999996
0.0935;3819.1499999999996;3818.6499999999996;3818.8;3819.1
0.07114999999999999;3819.1499999999996;3818.6000000000004;3819.1499999999996;3818.75
0.1789;3818.8;3816.8500000000004;3818.8;3816.9
0.1541;3817.3500000000004;3816.1;3816.85;3816.8500000000004
0.27790000000000004;3817.3;3816.55;3816.95;3816.9
0.1653;3817.4;3816.7;3816.95;3817.15
0.16140000000000002;3817.3500000000004;3816.55;3817.2;3816.8500000000004
0.1163;3817.15;3816.8500000000004;3816.95;3817.0
0.20274999999999999;3817.55;3817.05;3817.05;3817.3
0.05505;3817.6;3817.25;3817.25;3817.45
0.03875;3817.8;3817.5;3817.5;3817.6
0.08020000000000001;3817.6499999999996;3816.75;3817.6499999999996;3816.75
0.1163;3817.1;3816.6499999999996;3817.0;3816.8
0.17645;3817.45;3816.8500000000004;3816.8500000000004;3817.35
0.0552;3817.6;3817.25;3817.3999999999996;3817.45
0.23270000000000002;3817.2;3814.75;3817.2;3815.45
0.035;3815.7;3815.3;3815.3999999999996;3815.7
0.10975;3815.8;3815.4;3815.6499999999996;3815.5
0.17735;3816.0;3814.95;3815.6;3814.95
0.10875;3815.3999999999996;3814.8;3814.8999999999996;3815.3
0.1026;3815.8500000000004;3815.35;3815.35;3815.75
0.07600000000000001;3815.75;3815.3;3815.7;3815.3
0.076;3815.7;3815.15;3815.35;3815.15
0.041100000000000005;3815.25;3814.8;3815.0;3814.95
0.08360000000000001;3815.65;3814.85;3815.0;3815.4
0.0899;3815.8500000000004;3815.35;3815.45;3815.8
0.01;3815.9;3815.8;3815.8500000000004;3815.9
0.033600000000000005;3816.2;3815.95;3815.95;3816.15
0.075;3816.1;3815.85;3816.1;3815.9
0.10005;3816.15;3815.9;3815.95;3816.15
0.08025;3816.85;3816.1;3816.1;3816.8
0.0;3817.2;3816.85;3816.85;3816.95
0.0;3817.0;3816.9;3816.9;3816.95
0.05;3817.05;3816.95;3817.0;3816.95
0.08625;3817.05;3816.65;3817.0;3816.75
0.06355;3817.1000000000004;3816.65;3816.7;3817.0
0.10125;3817.3;3816.8999999999996;3817.05;3817.05
0.09525;3817.45;3817.0;3817.0;3817.1000000000004
0.13;3817.7;3817.15;3817.3;3817.3
0.13885;3817.6;3817.35;3817.35;3817.3999999999996
0.14365;3817.6499999999996;3816.65;3817.45;3816.65
0.17170000000000002;3816.85;3816.05;3816.55;3816.35
0.08889999999999999;3816.55;3816.1;3816.15;3816.55
0.05;3816.8;3816.55;3816.6;3816.8
0.05;3816.85;3816.65;3816.85;3816.7
0.0814;3816.8;3816.2;3816.75;3816.2
0.1539;3816.25;3815.1;3816.0;3815.75
0.0787;3815.8;3814.85;3815.8;3815.1000000000004
0.1554;3815.3;3814.8;3815.15;3815.0
0.11;3815.75;3814.8;3815.05;3815.55
0.12605;3816.2;3815.5;3815.5;3816.0
0.12890000000000001;3816.2;3815.7;3816.05;3816.1499999999996
0.05600000000000001;3816.3;3816.1499999999996;3816.2;3816.2
0.035;3816.25;3816.05;3816.25;3816.2
0.011;3816.1499999999996;3816.1;3816.1499999999996;3816.1499999999996
0.0862;3816.1499999999996;3815.1;3816.1;3815.3500000000004
0.09119999999999999;3816.1499999999996;3815.3;3815.3;3815.8999999999996
0.16904999999999998;3816.3;3815.3;3815.95;3816.3
0.11099999999999999;3816.55;3815.85;3816.1;3816.5
0.11035;3816.95;3816.4;3816.45;3816.6000000000004
0.035100000000000006;3816.8999999999996;3816.55;3816.55;3816.85
0.1288;3817.3500000000004;3816.7;3816.75;3817.3500000000004
0.24789999999999998;3819.7;3817.4;3817.4;3819.7
0.28055;3823.55;3819.3500000000004;3819.65;3823.5
0.37220000000000003;3825.05;3822.5;3823.6;3822.85
0.18009999999999998;3823.2;3822.35;3822.8;3822.95
0.16915;3824.8;3822.7;3823.0;3824.55
0.22039999999999998;3826.15;3824.55;3824.7;3825.3
0.08499999999999999;3825.6000000000004;3825.25;3825.25;3825.55
0.2142;3826.55;3825.3;3825.5;3826.4
0.17884999999999998;3826.5;3825.8;3826.45;3825.9
0.26285000000000003;3826.2;3825.15;3825.8;3825.6
0.2605;3825.8;3822.8500000000004;3825.8;3822.9
0.30405;3822.8500000000004;3820.3;3822.8500000000004;3821.7
0.24430000000000002;3824.2;3821.55;3821.55;3823.8
0.11599999999999999;3823.95;3822.8999999999996;3823.75;3823.0
0.15165;3824.65;3822.85;3822.85;3824.45
0.05;3825.45;3824.6;3824.65;3825.3999999999996
0.0852;3825.3999999999996;3824.6;3825.35;3824.75
0.06885;3824.8999999999996;3824.4;3824.7;3824.75
0.0964;3825.05;3824.55;3824.85;3825.0
0.10125;3825.05;3824.5;3825.05;3824.6
0.041100000000000005;3824.55;3824.25;3824.55;3824.3999999999996
0.050100000000000006;3824.75;3824.3999999999996;3824.45;3824.75
0.06515;3825.4;3824.8;3824.8;3825.35
0.1702;3825.45;3822.95;3825.4;3823.0
0.1436;3823.6;3822.8500000000004;3822.95;3823.6
0.09745000000000001;3824.2;3823.55;3823.55;3824.2
0.09495;3824.25;3823.5;3824.25;3823.55
0.0702;3823.75;3823.5;3823.65;3823.7
0.055150000000000005;3824.05;3823.5;3823.75;3823.5
0.13895000000000002;3825.05;3823.55;3823.55;3825.05
0.1063;3825.75;3824.5;3824.8;3825.5
0.0948;3826.75;3825.3;3825.45;3826.7
0.1053;3828.3999999999996;3826.7;3826.75;3828.3999999999996
0.2042;3829.1499999999996;3828.3;3828.3;3828.55
0.2617;3831.8999999999996;3828.55;3828.6;3831.85
0.17055;3833.5;3831.85;3831.8999999999996;3833.4
0.24684999999999999;3834.0;3831.5;3833.1;3831.85
0.236;3834.15;3831.55;3831.8;3833.8
0.16395;3834.05;3832.7;3833.8500000000004;3834.05
0.20134999999999997;3834.1;3833.0;3834.1;3833.0
0.1003;3833.0;3830.25;3832.9;3830.25
0.29935;3830.9;3828.6;3830.1000000000004;3828.6499999999996
0.23904999999999998;3828.75;3828.05;3828.6;3828.75
0.2226;3828.75;3828.3500000000004;3828.7;3828.3500000000004
0.2;3829.25;3828.3500000000004;3828.4;3829.05
0.2315;3828.95;3827.6;3828.95;3827.65
0.09525;3827.75;3827.45;3827.6;3827.65
0.0552;3828.35;3827.65;3827.7;3827.95
0.08020000000000001;3828.2;3827.95;3828.0;3828.1000000000004
0.14024999999999999;3830.1000000000004;3828.15;3828.15;3830.1000000000004
0.11275;3830.0;3829.45;3830.0;3829.75
0.1048;3829.85;3828.2;3829.8;3828.3
0.15139999999999998;3829.25;3828.3500000000004;3828.3500000000004;3828.9
0.09235;3829.0;3828.7;3828.8;3828.8999999999996
0.1114;3828.85;3828.2;3828.85;3828.4
0.13275;3828.75;3827.85;3828.5;3828.7
0.1114;3829.05;3828.3999999999996;3828.6499999999996;3829.05
0.05;3829.0;3828.7;3829.0;3828.9
0.0876;3828.9;3828.3999999999996;3828.8;3828.45
0.048600000000000004;3828.55;3828.3;3828.3999999999996;3828.3
0.1799;3828.75;3828.25;3828.3999999999996;3828.75
0.1513;3829.85;3828.6;3828.7;3829.3999999999996
0.2921;3834.15;3829.45;3829.5;3834.15
0.16905;3835.0;3833.95;3834.05;3834.25
0.05;3834.65;3834.1;3834.3;3834.45
0.169;3834.5;3832.7;3834.5;3832.7
0.23435;3833.6;3831.75;3832.75;3833.6
0.0637;3834.3;3833.6;3833.6499999999996;3834.3
0.1239;3834.7;3833.95;3834.35;3834.1
0.05615;3834.6;3834.0;3834.15;3834.3999999999996
0.0637;3834.95;3834.35;3834.35;3834.95
0.27440000000000003;3838.95;3835.0;3835.0;3838.85
0.13155;3838.55;3837.05;3838.55;3837.2
0.26915;3838.1499999999996;3837.05;3837.25;3837.3500000000004
0.2157;3841.1;3837.4;3837.4;3840.65
0.1762;3840.7;3838.2;3840.7;3838.2
0.18035;3838.1;3836.25;3837.95;3836.35
0.0787;3837.75;3836.3;3836.3;3837.75
0.16255;3838.5;3837.7;3837.8;3838.3
0.1525;3838.7;3838.2;3838.35;3838.6
0.19655;3839.2;3838.2;3838.5;3839.2
0.1165;3839.95;3839.25;3839.25;3839.6499999999996
0.08255;3839.8;3839.35;3839.6;3839.8
0.1875;3841.65;3839.6499999999996;3839.85;3840.15
0.1175;3840.3;3839.2;3840.2;3839.3999999999996
0.10025;3839.5;3838.65;3839.45;3839.05
0.05015;3839.5;3839.1000000000004;3839.1000000000004;3839.25
0.11895;3839.6;3839.15;3839.15;3839.5
0.1111;3839.7;3839.45;3839.55;3839.55
0.10885;3840.5;3839.6;3839.6;3840.5
0.124;3841.45;3840.3;3840.55;3841.3999999999996
0.011;3841.3999999999996;3841.3;3841.35;3841.35
0.154;3843.55;3841.3;3841.4;3843.4
0.21555;3843.1499999999996;3840.35;3843.1499999999996;3840.35
0.1052;3840.45;3839.5;3840.3999999999996;3839.65
0.15134999999999998;3839.8;3836.8;3839.7;3837.2
0.1976;3838.95;3837.1;3837.3;3838.45
0.07515;3838.5;3838.35;3838.4;3838.35
0.15045;3838.4;3836.95;3838.4;3837.15
0.20055;3837.4;3834.5;3837.2;3834.65
0.1639;3836.3999999999996;3834.7;3834.75;3836.05
0.16620000000000001;3836.0;3834.35;3836.0;3834.35
0.2065;3834.35;3832.45;3834.3;3832.8
0.1163;3832.95;3832.7;3832.8500000000004;3832.85
0.12645;3833.4;3832.8999999999996;3832.8999999999996;3833.4
0.05015;3833.7;3833.3;3833.45;3833.7
0.11035;3834.5;3833.7;3833.8;3834.3
0.10885;3835.3999999999996;3834.35;3834.3999999999996;3835.3999999999996
0.26435;3835.65;3832.25;3835.45;3832.45
0.1504;3832.4;3831.3999999999996;3832.4;3831.75
0.0862;3832.05;3831.4;3831.7;3831.55
0.11025;3832.85;3831.7;3831.7;3832.8
0.13885;3833.05;3832.05;3832.85;3832.75
0.20550000000000002;3832.95;3832.35;3832.65;3832.7
0.10025;3832.75;3832.1;3832.6000000000004;3832.1
0.1504;3832.65;3831.55;3832.05;3831.55
0.2507;3831.45;3826.75;3831.45;3826.8
0.21895;3828.05;3825.85;3826.75;3826.3999999999996
0.1163;3826.8;3826.05;3826.35;3826.55
0.2263;3827.1;3825.85;3826.5;3827.1
0.1;3828.95;3827.2;3827.2;3828.95
0.1;3829.9;3828.9;3828.9;3829.8500000000004
0.13385;3830.4;3828.8;3829.8;3830.0
0.2291;3830.3999999999996;3829.6000000000004;3829.9;3830.3999999999996
0.08025;3830.8999999999996;3830.35;3830.35;3830.85
0.1592;3832.1499999999996;3830.8;3830.8999999999996;3832.1
0.189;3834.7;3832.1499999999996;3832.1499999999996;3833.95
0.228;3835.95;3834.0;3834.0;3835.45
0.20295000000000002;3835.7;3833.2;3835.5;3833.25
0.1253;3834.8999999999996;3833.3;3833.3;3834.75
0.25665;3836.0;3834.1499999999996;3834.65;3835.45
0.11900000000000001;3835.8500000000004;3834.55;3835.4;3835.4
0.05;3835.65;3835.25;3835.45;3835.55
0.18285;3836.1000000000004;3834.8999999999996;3835.5;3835.45
0.1238;3835.5;3834.3;3835.5;3834.3
0.19419999999999998;3834.3999999999996;3830.0;3834.35;3830.25
0.09974999999999999;3830.5;3829.95;3830.2;3830.15
0.0835;3830.55;3829.95;3830.05;3830.45
0.13785;3831.2;3830.5;3830.5;3830.75
0.0975;3830.95;3830.7;3830.8;3830.9
0.15265;3832.05;3831.0;3831.1000000000004;3831.7
0.19774999999999998;3832.4;3831.6499999999996;3831.6499999999996;3832.0
0.2227;3832.8;3831.8;3831.95;3832.75
0.21785;3833.1;3831.7;3832.85;3831.75
0.1238;3832.25;3831.75;3831.8;3832.1000000000004
0.06515;3832.3;3832.05;3832.15;3832.3
0.07385;3832.6499999999996;3832.35;3832.35;3832.55
0.1063;3832.75;3832.25;3832.7;3832.3
0.050100000000000006;3832.45;3832.25;3832.35;3832.45
0.041100000000000005;3832.55;3832.25;3832.35;3832.5
0.1164;3832.7;3832.3500000000004;3832.55;3832.7
0.1525;3833.55;3832.6;3832.6;3833.2
0.06520000000000001;3833.3;3833.05;3833.15;3833.1
0.09885;3833.05;3832.3;3833.05;3832.4
0.2115;3832.25;3830.65;3832.25;3831.5
0.24265;3832.5;3831.5;3831.55;3831.95
0.21405;3832.95;3831.95;3832.05;3832.65
0.221;3833.0;3832.4;3832.6000000000004;3832.8
0.1555;3832.65;3831.8;3832.6000000000004;3831.85
0.07390000000000001;3832.4;3831.75;3831.8;3832.2
0.05015;3832.3;3831.85;3832.3;3832.1
0.2328;3833.2;3831.9;3832.05;3833.15
0.16140000000000002;3833.0;3832.4;3833.0;3832.75
0.0536;3833.0;3832.65;3832.7;3832.8
0.046;3832.9;3832.7;3832.7;3832.8500000000004
0.045;3832.95;3832.6499999999996;3832.8;3832.95
0.23075;3834.15;3833.0;3833.0;3833.65
0.2454;3834.45;3833.25;3833.6000000000004;3833.3
0.16140000000000002;3834.55;3833.0;3833.35;3833.95
0.04865;3834.3;3833.9;3833.9;3834.3
0.11035;3834.55;3834.1000000000004;3834.2;3834.25
0.0851;3835.0;3834.15;3834.15;3834.9
0.1911;3835.15;3832.8;3835.0;3832.8
0.07015;3833.1000000000004;3832.65;3832.75;3833.0
0.1738;3834.0;3833.05;3833.1000000000004;3833.55
0.34695000000000004;3835.05;3833.5;3833.5;3834.7
0.2276;3835.0;3833.2;3834.75;3834.5
0.324;3834.7;3832.0;3834.6;3833.25
0.24675;3833.3;3830.6;3833.3;3831.45
0.13895000000000002;3833.0;3831.3;3831.4;3832.95
0.1051;3833.0;3832.5;3832.9;3832.55
0.11019999999999999;3832.8500000000004;3832.25;3832.6000000000004;3832.6
0.16115000000000002;3832.8;3831.7;3832.6499999999996;3831.8999999999996
0.08895;3832.1499999999996;3831.75;3831.85;3831.8999999999996
0.16015000000000001;3832.75;3831.85;3831.85;3832.3500000000004
0.0998;3832.3;3831.9;3832.3;3832.0
0.1314;3832.5;3831.7;3832.1;3831.7
0.08235;3831.75;3831.5;3831.6499999999996;3831.6
0.0813;3832.15;3831.6499999999996;3831.6499999999996;3832.1
0.17145;3832.35;3831.7;3832.05;3832.25
0.1479;3832.4;3831.55;3832.2;3832.35
0.0637;3832.4;3832.3;3832.4;3832.4
0.035100000000000006;3832.5;3832.3;3832.45;3832.3
0.0926;3832.45;3831.8;3832.45;3832.2
0.08879999999999999;3832.75;3832.05;3832.3500000000004;3832.1
0.0;3832.1499999999996;3832.1499999999996;3832.1499999999996;3832.1499999999996
0.07755000000000001;3832.0;3831.65;3832.0;3831.9
0.12135;3832.15;3831.7;3831.8500000000004;3831.95
0.081;3832.0;3831.6499999999996;3832.0;3831.85
0.0876;3832.0;3831.6499999999996;3831.95;3831.8500000000004
0.08255;3832.4;3831.8;3831.8;3831.8500000000004
0.06384999999999999;3831.95;3831.45;3831.8;3831.6000000000004
0.0953;3831.45;3830.8999999999996;3831.45;3831.0
0.1239;3831.35;3830.8;3830.95;3831.25
0.1;3832.3;3831.15;3831.3;3832.25
0.11635000000000001;3832.15;3831.55;3832.15;3831.75
0.05015;3832.3;3831.75;3831.8999999999996;3832.3
0.0953;3832.3;3831.45;3832.25;3831.7
0.06515;3831.65;3831.1499999999996;3831.65;3831.1499999999996
0.1152;3831.35;3830.95;3831.2;3831.15
0.0;3831.55;3831.1000000000004;3831.2;3831.3
0.08625;3831.3500000000004;3830.95;3831.25;3831.0
0.07995;3831.7;3830.95;3830.95;3831.4
0.10635;3831.3500000000004;3830.1499999999996;3831.3500000000004;3830.45
0.1339;3830.6000000000004;3830.1499999999996;3830.55;3830.2
0.10540000000000001;3831.2;3830.15;3830.3;3831.05
0.13140000000000002;3831.1;3830.05;3831.1;3830.15
0.1288;3830.05;3829.55;3830.0;3829.95
0.05615;3830.45;3829.95;3830.0;3830.45
0.0637;3830.45;3830.3;3830.4;3830.4
0.18280000000000002;3830.5;3829.6;3830.35;3829.8999999999996
0.0953;3830.2;3829.7;3829.85;3829.8
0.1115;3830.15;3829.4;3829.8500000000004;3829.5
0.1991;3830.1000000000004;3829.4;3829.55;3829.75
0.2842;3830.2;3829.15;3829.7;3829.5
0.19774999999999998;3829.6;3829.1;3829.6;3829.55
0.14035;3829.5;3828.6000000000004;3829.45;3829.2
0.16275;3829.5;3828.3500000000004;3829.3;3828.45
0.06515;3829.0;3828.4;3828.4;3829.0
0.05015;3829.0;3828.7;3828.95;3828.75
0.1303;3828.95;3827.5;3828.7;3828.85
0.18145;3829.2;3828.35;3828.8999999999996;3828.35
0.14634999999999998;3828.3;3827.0;3828.3;3827.45
0.15785;3829.5;3827.55;3827.55;3828.8
0.15025;3829.55;3828.7;3828.75;3829.5
0.1014;3829.6499999999996;3829.05;3829.4;3829.15
0.10895;3829.1000000000004;3828.1000000000004;3829.1000000000004;3828.3
0.0864;3828.6499999999996;3827.9;3828.15;3828.1499999999996
0.04755;3828.2;3827.9;3828.2;3827.95
0.1491;3828.75;3827.9;3828.0;3828.6
0.125;3828.9;3828.1499999999996;3828.55;3828.8
0.15405000000000002;3829.3999999999996;3828.2;3828.8999999999996;3828.2
0.0001;3828.6000000000004;3828.1000000000004;3828.25;3828.15
0.27285;3830.4;3828.25;3828.25;3830.0
0.13375;3830.05;3829.1;3830.05;3829.45
0.14634999999999998;3829.7;3828.3999999999996;3829.4;3829.7
0.185;3829.65;3828.9;3829.6000000000004;3829.65
0.11355;3830.2;3829.6000000000004;3829.7;3829.6000000000004
0.0864;3830.55;3829.65;3829.65;3830.45
0.07875;3830.7;3830.35;3830.3999999999996;3830.65
0.1505;3832.0;3830.7;3830.7;3831.95
0.154;3832.2;3831.1000000000004;3832.0;3831.1000000000004
0.13265;3832.15;3831.1000000000004;3831.15;3831.55
0.15650000000000003;3831.75;3831.15;3831.4;3831.7
0.13895000000000002;3831.7;3831.1;3831.65;3831.3999999999996
0.1804;3831.6000000000004;3830.85;3831.45;3831.3
0.13025;3831.55;3831.05;3831.3500000000004;3831.05
0.10135;3831.05;3830.8;3831.0;3830.8500000000004
0.10880000000000001;3831.05;3830.7;3830.9;3830.7
0.0735;3830.9;3830.45;3830.65;3830.8
0.08514999999999999;3831.05;3830.5;3830.9;3830.75
0.125;3831.2;3830.75;3830.8;3830.8500000000004
0.0862;3830.8500000000004;3830.05;3830.8;3830.05
0.02605;3830.1000000000004;3829.9;3829.9;3830.1000000000004
0.1698;3831.3999999999996;3830.1000000000004;3830.15;3831.3999999999996
0.1278;3831.3999999999996;3830.2;3831.35;3830.7
0.0787;3830.8;3830.25;3830.75;3830.3500000000004
0.048600000000000004;3830.55;3830.1499999999996;3830.4;3830.35
0.0862;3830.55;3829.55;3830.3999999999996;3829.55
0.041100000000000005;3829.7;3829.2;3829.7;3829.55
0.035;3829.5;3828.95;3829.45;3829.1000000000004
0.0661;3829.55;3829.0;3829.15;3829.55
0.052250000000000005;3829.5;3829.2;3829.5;3829.3500000000004
0.0;3829.8;3829.3500000000004;3829.4;3829.8
0.07135;3829.75;3828.9;3829.7;3829.0
0.0637;3829.5;3829.0;3829.05;3829.3
0.0;3829.85;3829.25;3829.25;3829.85
0.020050000000000002;3829.8999999999996;3829.8;3829.8999999999996;3829.85
0.131;3829.8;3829.3;3829.8;3829.6499999999996
0.033600000000000005;3829.55;3829.3;3829.55;3829.35
0.03505;3829.5;3829.1499999999996;3829.3999999999996;3829.1499999999996
0.03725;3829.3;3828.8;3829.3;3828.8
0.02605;3828.9;3828.8500000000004;3828.8500000000004;3828.8500000000004
0.14375;3829.4;3828.8;3829.0;3829.05
0.0712;3829.75;3829.05;3829.1000000000004;3829.7
0.05355;3829.75;3828.85;3829.6499999999996;3828.85
0.06475;3828.85;3828.45;3828.8;3828.45
0.1165;3828.5;3827.05;3828.5;3827.05
0.1235;3828.2;3826.8999999999996;3827.0;3828.2
0.0889;3828.6;3827.8;3828.3;3828.15
0.111;3828.1000000000004;3826.75;3828.1000000000004;3827.3
0.0001;3827.25;3827.05;3827.25;3827.1000000000004
0.08;3827.45;3827.15;3827.15;3827.4
0.01875;3827.6499999999996;3827.45;3827.45;3827.6499999999996
0.046;3827.9;3827.6;3827.6;3827.9
0.2116;3829.5;3827.5;3828.0;3828.05
0.19635;3829.65;3827.8999999999996;3827.8999999999996;3829.65
0.05;3830.3999999999996;3829.8500000000004;3829.8500000000004;3830.25
0.13895000000000002;3830.8;3830.25;3830.3;3830.55
0.12375;3830.9;3829.8500000000004;3830.5;3830.6000000000004
0.0;3830.75;3830.5;3830.55;3830.6000000000004
0.1678;3830.65;3829.2;3830.65;3829.55
0.14265;3830.55;3829.5;3829.5;3829.8
0.16294999999999998;3831.0;3829.8;3829.8500000000004;3830.8
0.134;3830.8999999999996;3830.25;3830.75;3830.75
0.10395;3831.2;3830.6000000000004;3830.8;3830.75
0.13125;3831.0;3830.2;3830.8;3830.9
0.10754999999999999;3831.3;3830.4;3831.15;3830.75
0.045;3830.8;3830.55;3830.8;3830.55
0.0051;3830.95;3830.55;3830.6;3830.8
0.05615;3830.8999999999996;3830.7;3830.85;3830.8
0.033600000000000005;3831.2;3830.85;3830.85;3830.8999999999996
0.1;3831.2;3830.8999999999996;3830.95;3831.2
0.0712;3831.55;3831.15;3831.15;3831.55
0.033600000000000005;3831.5;3831.25;3831.5;3831.4
0.01855;3831.6;3831.5;3831.5;3831.5
0.1228;3831.55;3830.65;3831.45;3830.7
0.08025;3831.05;3830.7;3830.75;3830.8999999999996
0.0953;3831.2;3830.95;3830.95;3831.2
0.08625;3831.55;3830.9;3831.3500000000004;3830.95
0.041100000000000005;3831.05;3830.85;3830.9;3830.95
0.08625;3830.9;3829.6;3830.9;3829.7
0.1188;3829.8999999999996;3829.25;3829.6499999999996;3829.3
0.14275;3829.25;3828.35;3829.25;3828.95
0.1515;3830.0;3828.8;3829.2;3828.8
0.10625000000000001;3829.35;3828.7;3828.75;3829.05
0.09734999999999999;3830.2;3828.95;3829.0;3830.2
0.041100000000000005;3830.65;3830.2;3830.25;3830.65
0.0;3831.5;3830.75;3830.75;3831.5
0.1;3831.45;3830.05;3831.45;3830.2
0.07765;3830.6;3829.9;3830.25;3829.95
0.10874999999999999;3830.3;3829.45;3830.1499999999996;3829.8
0.1505;3830.2;3829.3999999999996;3829.75;3829.95
0.1843;3831.15;3830.0;3830.0;3830.55
0.5086499999999999;3832.0;3830.1499999999996;3830.5;3831.65
0.55825;3832.0;3830.8999999999996;3831.7;3831.1499999999996
0.6084;3831.45;3830.6000000000004;3830.95;3830.6000000000004
0.44199999999999995;3831.25;3830.0;3830.65;3830.8999999999996
0.2578;3830.95;3830.4;3830.95;3830.7
0.184;3831.15;3830.45;3830.55;3831.0
0.1585;3831.0;3829.95;3830.95;3829.95
0.2365;3830.2;3829.15;3829.8500000000004;3829.6499999999996
0.1903;3830.1;3829.3999999999996;3829.5;3830.1
0.1554;3830.1;3829.6499999999996;3830.0;3829.75
0.21755;3830.0;3829.25;3829.95;3829.3
0.30315000000000003;3830.75;3829.3;3829.3500000000004;3829.55
0.1;3829.5;3828.6;3829.4;3828.9
0.0;3828.9;3828.9;3828.9;3828.9
0.0;3828.9;3828.9;3828.9;3828.9
0.0;3828.9;3828.9;3828.9;3828.9
0.0;3828.9;3828.9;3828.9;3828.9
0.0;3828.9;3828.9;3828.9;3828.9
0.0;3828.9;3828.9;3828.9;3828.9
0.0;3828.9;3828.9;3828.9;3828.9
0.0;3828.9;3828.9;3828.9;3828.9
0.0;3828.9;3828.9;3828.9;3828.9
0.0;3828.9;3828.9;3828.9;3828.9
0.0;3828.9;3828.9;3828.9;3828.9
0.0;3828.9;3828.9;3828.9;3828.9
0.0;3828.9;3828.9;3828.9;3828.9
0.0;3828.9;3828.9;3828.9;3828.9
0.0;3828.9;3828.9;3828.9;3828.9
0.0;3828.9;3828.9;3828.9;3828.9
0.0;3828.9;3828.9;3828.9;3828.9
0.0;3828.9;3828.9;3828.9;3828.9
0.0;3828.9;3828.9;3828.9;3828.9
0.0;3828.9;3828.9;3828.9;3828.9
0.0;3828.9;3828.9;3828.9;3828.9
0.0;3828.9;3828.9;3828.9;3828.9
0.0;3828.9;3828.9;3828.9;3828.9
0.0;3828.9;3828.9;3828.9;3828.9
0.0;3828.9;3828.9;3828.9;3828.9
0.0;3828.9;3828.9;3828.9;3828.9
0.0;3828.9;3828.9;3828.9;3828.9
0.0;3828.9;3828.9;3828.9;3828.9
0.0;3828.9;3828.9;3828.9;3828.9
0.0;3828.9;3828.9;3828.9;3828.9
0.0;3828.9;3828.9;3828.9;3828.9
0.0;3828.9;3828.9;3828.9;3828.9
0.0;3828.9;3828.9;3828.9;3828.9
0.0;3828.9;3828.9;3828.9;3828.9
0.0;3828.9;3828.9;3828.9;3828.9
0.0;3828.9;3828.9;3828.9;3828.9
0.0;3828.9;3828.9;3828.9;3828.9
0.0;3828.9;3828.9;3828.9;3828.9
0.0;3828.9;3828.9;3828.9;3828.9
0.0;3828.9;3828.9;3828.9;3828.9
0.0;3828.9;3828.9;3828.9;3828.9
0.0;3828.9;3828.9;3828.9;3828.9
0.0;3828.9;3828.9;3828.9;3828.9
0.0;3828.9;3828.9;3828.9;3828.9
0.0;3828.9;3828.9;3828.9;3828.9
0.0;3828.9;3828.9;3828.9;3828.9
0.0;3828.9;3828.9;3828.9;3828.9
0.0;3828.9;3828.9;3828.9;3828.9
0.0;3828.9;3828.9;3828.9;3828.9
0.0;3828.9;3828.9;3828.9;3828.9
0.0;3828.9;3828.9;3828.9;3828.9
0.0;3828.9;3828.9;3828.9;3828.9
0.0;3828.9;3828.9;3828.9;3828.9
0.0;3828.9;3828.9;3828.9;3828.9
0.0;3828.9;3828.9;3828.9;3828.9
0.0;3828.9;3828.9;3828.9;3828.9
0.0;3828.9;3828.9;3828.9;3828.9
0.0;3828.9;3828.9;3828.9;3828.9
0.0;3828.9;3828.9;3828.9;3828.9
0.0;3828.9;3828.9;3828.9;3828.9
0.0;3828.9;3828.9;3828.9;3828.9
0.0;3828.9;3828.9;3828.9;3828.9
0.0;3828.9;3828.9;3828.9;3828.9
0.0;3828.9;3828.9;3828.9;3828.9
0.0;3828.9;3828.9;3828.9;3828.9
0.0;3828.9;3828.9;3828.9;3828.9
0.0;3828.9;3828.9;3828.9;3828.9
0.0;3828.9;3828.9;3828.9;3828.9
0.0;3828.9;3828.9;3828.9;3828.9
0.0;3828.9;3828.9;3828.9;3828.9
0.0;3828.9;3828.9;3828.9;3828.9
0.0;3828.9;3828.9;3828.9;3828.9
0.0;3828.9;3828.9;3828.9;3828.9
0.0;3828.9;3828.9;3828.9;3828.9
0.0;3828.9;3828.9;3828.9;3828.9
0.0;3828.9;3828.9;3828.9;3828.9
0.0;3828.9;3828.9;3828.9;3828.9
0.0;3828.9;3828.9;3828.9;3828.9
0.0;3828.9;3828.9;3828.9;3828.9
0.0;3828.9;3828.9;3828.9;3828.9
0.0;3828.9;3828.9;3828.9;3828.9
0.0;3828.9;3828.9;3828.9;3828.9
0.0;3828.9;3828.9;3828.9;3828.9
0.0;3828.9;3828.9;3828.9;3828.9
0.0;3828.9;3828.9;3828.9;3828.9
0.0;3828.9;3828.9;3828.9;3828.9
0.0;3828.9;3828.9;3828.9;3828.9
0.0;3828.9;3828.9;3828.9;3828.9
0.0;3828.9;3828.9;3828.9;3828.9
0.0;3828.9;3828.9;3828.9;3828.9
0.0;3828.9;3828.9;3828.9;3828.9
0.0;3828.9;3828.9;3828.9;3828.9
0.0;3828.9;3828.9;3828.9;3828.9
0.0;3828.9;3828.9;3828.9;3828.9
0.0;3828.9;3828.9;3828.9;3828.9
0.0;3828.9;3828.9;3828.9;3828.9
0.0;3828.9;3828.9;3828.9;3828.9
0.0;3828.9;3828.9;3828.9;3828.9
0.0;3828.9;3828.9;3828.9;3828.9
0.0;3828.9;3828.9;3828.9;3828.9
0.0;3828.9;3828.9;3828.9;3828.9
0.0;3828.9;3828.9;3828.9;3828.9
0.0;3828.9;3828.9;3828.9;3828.9
0.0;3828.9;3828.9;3828.9;3828.9
0.0;3828.9;3828.9;3828.9;3828.9
0.0;3828.9;3828.9;3828.9;3828.9
0.0;3828.9;3828.9;3828.9;3828.9
0.0;3828.9;3828.9;3828.9;3828.9
0.0;3828.9;3828.9;3828.9;3828.9
0.0;3828.9;3828.9;3828.9;3828.9
0.0;3828.9;3828.9;3828.9;3828.9
0.0;3828.9;3828.9;3828.9;3828.9
0.0;3828.9;3828.9;3828.9;3828.9
0.0;3828.9;3828.9;3828.9;3828.9
0.0;3828.9;3828.9;3828.9;3828.9
0.0;3828.9;3828.9;3828.9;3828.9
0.0;3828.9;3828.9;3828.9;3828.9
0.0;3828.9;3828.9;3828.9;3828.9
0.0;3828.9;3828.9;3828.9;3828.9
0.0;3828.9;3828.9;3828.9;3828.9
